created_at,tweet_content,keyword,user_location,entities
2021-05-04 12:30:48,mds nubank nunca libera mais limite pra mim,['Nubank'],GoiÃ¢nia,"{'hashtags': [], 'urls': [], 'user_mentions': [], 'symbols': []}"
2021-05-04 12:31:09,mais viciado que a bateria do meu celular sÃ³ eu por coca-cola ğŸ¤¦ğŸ»â€â™€ï¸ğŸ¤¦ğŸ»â€â™€ï¸,['Coca-cola'],BalneÃ¡rio CamboriÃº,"{'hashtags': [], 'urls': [], 'user_mentions': [], 'symbols': []}"
2021-05-04 12:31:20,"@kayofeer @nubank Aconteceu isso c a minha mÃ£e, quase 1 ano e nada ainda",['Nubank'],"MacaÃ©, Brasil","{'hashtags': [], 'urls': [], 'user_mentions': [{'screen_name': 'kayofeer', 'name': 'Kayo', 'id': 1604672425, 'id_str': '1604672425', 'indices': [0, 9]}, {'screen_name': 'nubank', 'name': 'Nubank', 'id': 2319390320, 'id_str': '2319390320', 'indices': [10, 17]}], 'symbols': []}"
2021-05-04 12:31:25,Pedi 10k de limite pra Nubank serasi?,['Nubank'],"Rio de Janeiro, Brasil","{'hashtags': [], 'urls': [], 'user_mentions': [], 'symbols': []}"
2021-05-04 12:31:27,"toda vez que vejo Nubank nos tt vou lÃ¡ conferir que meu saldo tÃ¡ certo

juro que traumatizei com as histÃ³rias do nubank roubando dinheiro",['Nubank'],None,"{'hashtags': [], 'urls': [], 'user_mentions': [], 'symbols': []}"
2021-05-04 12:31:34,"Fui escolhido e Nubank aumentou 50 reais no meu limite â€¦ uau, revolucionÃ¡rio KKKKKKKKK",['Nubank'],"RibeirÃ£o Preto, Brasil","{'hashtags': [], 'urls': [], 'user_mentions': [], 'symbols': []}"
2021-05-04 12:31:35,VocÃªs acham que esses preju que nubank teve atÃ© uns tempos Ã© algo inesperado... Ahhh inocente â¡ï¸,['Nubank'],"SÃ£o Paulo, Brasil","{'hashtags': [], 'urls': [], 'user_mentions': [], 'symbols': []}"
2021-05-04 12:31:46,@Rodrigolps_ No meu caso eu sÃ³ observo a nubank aumentando os juros da minha dÃ­vida ğŸ˜ª,['Nubank'],ğŸ³ï¸â€ğŸŒˆ,"{'hashtags': [], 'urls': [], 'user_mentions': [{'screen_name': 'Rodrigolps_', 'name': 'lovezinho', 'id': 487731479, 'id_str': '487731479', 'indices': [0, 12]}], 'symbols': []}"
2021-05-04 12:31:47,@msswx @nubank Processo neles,['Nubank'],MacaÃ©,"{'hashtags': [], 'urls': [], 'user_mentions': [{'screen_name': 'msswx', 'name': 'Mari Siqueira', 'id': 1240771193319370752, 'id_str': '1240771193319370752', 'indices': [0, 6]}, {'screen_name': 'nubank', 'name': 'Nubank', 'id': 2319390320, 'id_str': '2319390320', 'indices': [7, 14]}], 'symbols': []}"
2021-05-04 12:31:56,O nubank tÃ¡ mais que preparada pra esses riscos ... E claro que para conquistar espaÃ§o essa exposiÃ§Ã£o Ã© necessÃ¡ria. â¡ï¸,['Nubank'],"SÃ£o Paulo, Brasil","{'hashtags': [], 'urls': [], 'user_mentions': [], 'symbols': []}"
2021-05-04 12:32:17,@Lukinhasbp17 Kkkkkkkk Nubank gosta deu,['Nubank'],"Palmas, Brasil","{'hashtags': [], 'urls': [], 'user_mentions': [{'screen_name': 'Lukinhasbp17', 'name': 'luquinha', 'id': 1064206856233648133, 'id_str': '1064206856233648133', 'indices': [0, 13]}], 'symbols': []}"
2021-05-04 12:32:19,O nubank tÃ¡ mais que preparado pra esses riscos ... E claro que para conquistar espaÃ§o essa exposiÃ§Ã£o Ã© necessÃ¡ria. â¡ï¸,['Nubank'],"SÃ£o Paulo, Brasil","{'hashtags': [], 'urls': [], 'user_mentions': [], 'symbols': []}"
2021-05-04 12:32:31,"â€œVou gastar tudo na Nike, cueca da Calvin Kleinâ€",['Nike'],Hell not Helsinki,"{'hashtags': [], 'urls': [], 'user_mentions': [], 'symbols': []}"
2021-05-04 12:32:35,"@Pow3rTale Boa mano, vÃ¡ que eles podem dar uma xiaomi para vc, vc merece mano kkkkkkk",['Xiaomi'],None,"{'hashtags': [], 'urls': [], 'user_mentions': [{'screen_name': 'Pow3rTale', 'name': 'Power âœ¨SORTEIO NO FIXADOâœ¨', 'id': 1225962221647339522, 'id_str': '1225962221647339522', 'indices': [0, 10]}], 'symbols': []}"
2021-05-04 12:32:35,"eu: vou parar de comer besteira 

logo dps meu cafÃ© da manhÃ£ foi bis e coca cola",['Coca cola'],None,"{'hashtags': [], 'urls': [], 'user_mentions': [], 'symbols': []}"
2021-05-04 12:32:50,alÃ©m de linda usa nike ğŸ˜,['Nike'],None,"{'hashtags': [], 'urls': [], 'user_mentions': [{'screen_name': 'mongs_hugo', 'name': 'hugo âœ¨', 'id': 1208201731068321792, 'id_str': '1208201731068321792', 'indices': [3, 14]}], 'symbols': []}"
2021-05-04 12:32:55,"JÃ¡ aprovei os R$ 20,00 de limite a mais que o @nubank deu e paz um pix para 586dd1fb-15fb-45ff-9fcd-63cd5cafde33 com uma mensagem.",['Nubank'],None,"{'hashtags': [], 'urls': [], 'user_mentions': [{'screen_name': 'nubank', 'name': 'Nubank', 'id': 2319390320, 'id_str': '2319390320', 'indices': [46, 53]}], 'symbols': []}"
2021-05-04 12:32:59,viciado em Shein,['SHEIN'],"Windermere, FL","{'hashtags': [], 'urls': [], 'user_mentions': [], 'symbols': []}"
2021-05-04 12:33:13,"tipo a parada de falar que a furia Ã© muito nike e gatorade e o plano Ã© raiz, alÃ©m do bagulho do SM",['Nike'],None,"{'hashtags': [], 'urls': [], 'user_mentions': [], 'symbols': []}"
2021-05-04 12:33:39,@nubank que Ã³dio de vocÃª! NÃ£o pode aprovar meu crÃ©dito por quÃª ?,['Nubank'],None,"{'hashtags': [], 'urls': [], 'user_mentions': [{'screen_name': 'nubank', 'name': 'Nubank', 'id': 2319390320, 'id_str': '2319390320', 'indices': [0, 7]}], 'symbols': []}"
2021-05-04 12:33:42,meu sonho parar de tomar coca cola,['Coca cola'],AnÃ¡polis,"{'hashtags': [], 'urls': [], 'user_mentions': [{'screen_name': 'brennersbueno', 'name': 'Brenner Bueno', 'id': 907328271406247937, 'id_str': '907328271406247937', 'indices': [3, 17]}], 'symbols': []}"
2021-05-04 12:34:12,Nubank pare de aumentar meu limite pf eu me sinto no obrigaÃ§Ã£o de gastar,['Nubank'],"GoiÃ¢nia, Brasil","{'hashtags': [], 'urls': [], 'user_mentions': [], 'symbols': []}"
2021-05-04 12:34:13,nubank dobrou meu limite de novo,['Nubank'],Roo / Cba,"{'hashtags': [], 'urls': [], 'user_mentions': [], 'symbols': []}"
2021-05-04 12:34:13,esse aplicativo da nike eh muito bom so queria incluir meu deezer nele,['Nike'],recife,"{'hashtags': [], 'urls': [], 'user_mentions': [], 'symbols': []}"
2021-05-04 12:34:16,"o nubank liberou mais limites p todos, menos o meu ... eu sÃ³ queria entender, se eu pago atÃ© dias antes da fatura vencer 
@nubank",['Nubank'],"Engenho da Rainha, Rio de Jane","{'hashtags': [], 'urls': [], 'user_mentions': [{'screen_name': 'nubank', 'name': 'Nubank', 'id': 2319390320, 'id_str': '2319390320', 'indices': [122, 129]}], 'symbols': []}"
2021-05-04 12:34:18,Nubank aumentando meu limite do nada socorro,['Nubank'],BrasÃ­lia,"{'hashtags': [], 'urls': [], 'user_mentions': [], 'symbols': []}"
2021-05-04 12:34:21,"JÃ¡ aprovei os R$ 20,00 de limite a mais que o @nubank deu e faz um pix para 586dd1fb-15fb-45ff-9fcd-63cd5cafde33 com uma mensagem.",['Nubank'],None,"{'hashtags': [], 'urls': [], 'user_mentions': [{'screen_name': 'nubank', 'name': 'Nubank', 'id': 2319390320, 'id_str': '2319390320', 'indices': [46, 53]}], 'symbols': []}"
2021-05-04 12:34:22,vi a nubank no topico e fui olhar o meu tbm ja q geral ta falando q aumentaram o limite kkk,['Nubank'],013,"{'hashtags': [], 'urls': [], 'user_mentions': [], 'symbols': []}"
2021-05-04 12:34:35,Sexta feira ir na Nike Ã© tudo que eu quero pprt ğŸ¤§,['Nike'], ItaboraÃ­,"{'hashtags': [], 'urls': [], 'user_mentions': [], 'symbols': []}"
2021-05-04 12:35:07,"caÃ­ no mundinho SHEIN
estou perdida amadas??",['SHEIN'],Curitiba - PR,"{'hashtags': [], 'urls': [], 'user_mentions': [], 'symbols': []}"
2021-05-04 12:35:17,"Nubank generoso deixando o povo se endividar e pagar juros ai que lindo, nubank o amigo de todos sqn.",['Nubank'],None,"{'hashtags': [], 'urls': [], 'user_mentions': [], 'symbols': []}"
2021-05-04 12:35:18,nubank esse aumento de limite ta me dando gatilho,['Nubank'],"Pindamonhangaba, Brasil","{'hashtags': [], 'urls': [], 'user_mentions': [], 'symbols': []}"
2021-05-04 12:35:36,@frifasnews Ai o cara com a blusa da nike,['Nike'],None,"{'hashtags': [], 'urls': [], 'user_mentions': [{'screen_name': 'frifasnews', 'name': 'FRIFAS NEWâ€™S', 'id': 1299343628985413633, 'id_str': '1299343628985413633', 'indices': [0, 11]}], 'symbols': []}"
2021-05-04 12:35:38,meu deus comprei muita coisa na shein kkkkkkkkkkkk vou falir,['SHEIN'],None,"{'hashtags': [], 'urls': [], 'user_mentions': [], 'symbols': []}"
2021-05-04 12:35:40,uma hora eh roupa da shein outra hora roupa de time outra conjunto da cyclone i as vezes piercing no umbigo ğŸ’”,['SHEIN'],019,"{'hashtags': [], 'urls': [], 'user_mentions': [], 'symbols': []}"
2021-05-04 12:35:47,Pessoal comentando aumento de crÃ©dito no nubank hoje e eu lembrando que o meu aumenta de 200 em 200 reais. Ainda nÃ£o sei se Ã© bom ou ruim,['Nubank'],None,"{'hashtags': [], 'urls': [], 'user_mentions': [], 'symbols': []}"
2021-05-04 12:35:48,todos meus mano de Nike,['Nike'],cxs,"{'hashtags': [], 'urls': [], 'user_mentions': [], 'symbols': []}"
2021-05-04 12:35:50,achei o vestido na shein q odio,['SHEIN'],"Salvador, Brasil","{'hashtags': [], 'urls': [], 'user_mentions': [], 'symbols': []}"
2021-05-04 12:36:13,"MINHAS ROUPAS DA SHEIN CHEGARAM, EU TO ANSIOSA",['SHEIN'],"Aracaju, Brasil","{'hashtags': [], 'urls': [], 'user_mentions': [], 'symbols': []}"
2021-05-04 12:36:13,"Gente, alguÃ©m sabe onde consigo comprar um fone xiaomi em SÃ£o LuÃ­s daqueles sem fio massa, por um precinho legal? 

Ps: no site ta 190",['Xiaomi'],"SÃ£o Paulo, Brasil","{'hashtags': [], 'urls': [], 'user_mentions': [], 'symbols': []}"
2021-05-04 12:36:18,nubank eu nao pedi p vc aumentar meu limite cara......... assim vc n me ajuda,['Nubank'],None,"{'hashtags': [], 'urls': [], 'user_mentions': [], 'symbols': []}"
2021-05-04 12:36:20,"@Tiagogreis Microsoft: super difÃ­cil criar um SO, Coca Cola: patente cola que vicia e AmBev.",['Coca cola'],Aracaju,"{'hashtags': [], 'urls': [], 'user_mentions': [{'screen_name': 'Tiagogreis', 'name': 'Tiago GuitiÃ¡n Reis', 'id': 2428055045, 'id_str': '2428055045', 'indices': [0, 11]}], 'symbols': []}"
2021-05-04 12:36:27,"todos aquellos hombres q todo este tiempo (antes de q llegara mi pedido de shein) me ignoraron q sepan q ahora que estoy en mi cima (ha llegado mi pedido de shein) no estoy para ellos

si no estuviste en las malas (antes de shein) no tendras lugar en las buenas (despuÃ©s de shein)",['SHEIN'],None,"{'hashtags': [], 'urls': [], 'user_mentions': [], 'symbols': []}"
2021-05-04 12:36:30,nubank aumentou em 10 reais meu limite... jÃ¡ Ã© algo ne,['Nubank'],krakoa,"{'hashtags': [], 'urls': [], 'user_mentions': [], 'symbols': []}"
2021-05-04 12:36:31,as minhas cenas da shein chegaram wlduejbshd,['SHEIN'],she/her,"{'hashtags': [], 'urls': [], 'user_mentions': [], 'symbols': []}"
2021-05-04 12:36:32,"alÃ©m de shein agr eu tÃ´ viciada em comprinhas no enjoei, scr",['SHEIN'],"SÃ£o Paulo, Brasil","{'hashtags': [], 'urls': [], 'user_mentions': [], 'symbols': []}"
2021-05-04 12:36:52,"@deszanti ardidas geralmente

mas depende do nike",['Nike'],"Guarulhos, Iraque","{'hashtags': [], 'urls': [], 'user_mentions': [{'screen_name': 'deszanti', 'name': 'lua', 'id': 777317655007129600, 'id_str': '777317655007129600', 'indices': [0, 9]}], 'symbols': []}"
2021-05-04 12:37:15,Nunca mais meu limite do Nubank aumentou,['Nubank'],Aldeia da Folha ğŸƒ,"{'hashtags': [], 'urls': [], 'user_mentions': [], 'symbols': []}"
2021-05-04 12:37:23,vontadezinha vÃ©a besta de pegar os 20 mil reais q o Nubank disse q tinha disponÃ­vel pra emprÃ©stimo e fugir do paÃ­s,['Nubank'],None,"{'hashtags': [], 'urls': [], 'user_mentions': [], 'symbols': []}"
2021-05-04 12:37:32,"a nubank aumentando meu limite, confia hahahahaah",['Nubank'],"IcuÃ­ City, Ananindeua, Brasil","{'hashtags': [], 'urls': [], 'user_mentions': [], 'symbols': []}"
2021-05-04 12:37:46,"Vi o @nubank no topo, jÃ¡ vim correndo ver se era o Apple Pay! ğŸ¤¡ğŸ¤¡ğŸ¤¡ agiliza aÃ­ nÃ© @Apple ğŸ™ğŸ¼",['Nubank'],"GoiÃ¢nia, Brasil","{'hashtags': [], 'urls': [], 'user_mentions': [{'screen_name': 'nubank', 'name': 'Nubank', 'id': 2319390320, 'id_str': '2319390320', 'indices': [5, 12]}, {'screen_name': 'Apple', 'name': 'Apple', 'id': 380749300, 'id_str': '380749300', 'indices': [80, 86]}], 'symbols': []}"
2021-05-04 12:37:49,alÃ©m de linda usa nike ğŸ˜,['Nike'],"Campina Grande, Brasil","{'hashtags': [], 'urls': [], 'user_mentions': [{'screen_name': 'mongs_hugo', 'name': 'hugo âœ¨', 'id': 1208201731068321792, 'id_str': '1208201731068321792', 'indices': [3, 14]}], 'symbols': []}"
2021-05-04 12:37:49,"@akbilbo Drx paia dms, e sÃ³ ele p me roubar da nike",['Nike'],031ğŸ’¸Ced,"{'hashtags': [], 'urls': [], 'user_mentions': [{'screen_name': 'akbilbo', 'name': 'bilbo', 'id': 2786336070, 'id_str': '2786336070', 'indices': [0, 8]}], 'symbols': []}"
2021-05-04 12:37:56,"Nubank aumentou meu limite p 400 reais, olha o diabo agindo",['Nubank'],"Rio de Janeiro, Brasil","{'hashtags': [], 'urls': [], 'user_mentions': [], 'symbols': []}"
2021-05-04 12:38:15,alÃ©m de linda usa nike ğŸ˜,['Nike'],sp,"{'hashtags': [], 'urls': [], 'user_mentions': [{'screen_name': 'mongs_hugo', 'name': 'hugo âœ¨', 'id': 1208201731068321792, 'id_str': '1208201731068321792', 'indices': [3, 14]}], 'symbols': []}"
2021-05-04 12:38:18,Ã‰ atÃ© bom q a nubank n aumente meu limite,['Nubank'],"Camp Nou, Salvador","{'hashtags': [], 'urls': [], 'user_mentions': [], 'symbols': []}"
2021-05-04 12:38:21,eu amo que o nubank sÃ³ aumenta o limite de quem nem emprego tem,['Nubank'],None,"{'hashtags': [], 'urls': [], 'user_mentions': [{'screen_name': 'danilopaulodf', 'name': 'blessed bacon', 'id': 2352330198, 'id_str': '2352330198', 'indices': [3, 17]}], 'symbols': []}"
2021-05-04 12:38:58,nubank aumenta meu limite pra 5 mil e eu digo se esperava ou nao,['Nubank'],hogwarts,"{'hashtags': [], 'urls': [], 'user_mentions': [], 'symbols': []}"
2021-05-04 12:39:07,todo mundo ganhando aumento no limite da nubank e eu tendo o pedido de aumento recusado ğŸ¤¡ğŸ¤¡ğŸ¤¡,['Nubank'],rio de janeiro,"{'hashtags': [], 'urls': [], 'user_mentions': [], 'symbols': []}"
2021-05-04 12:39:15,alÃ©m de linda usa nike ğŸ˜,['Nike'],"MarÃ­lia, Brasil","{'hashtags': [], 'urls': [], 'user_mentions': [{'screen_name': 'mongs_hugo', 'name': 'hugo âœ¨', 'id': 1208201731068321792, 'id_str': '1208201731068321792', 'indices': [3, 14]}], 'symbols': []}"
2021-05-04 12:39:21,"Ã© golpe seguido de golpe Nubank e todos os outros cartÃµes de crÃ©dito.
No fundo todos nÃ³s precisamos aprender nas aulas da Nathalia Arcuri",['Nubank'],"Campina Grande, Brasil","{'hashtags': [], 'urls': [], 'user_mentions': [], 'symbols': []}"
2021-05-04 12:39:28,"@gabriellima_004 Por isso q eu prefiro xiaomi zz , a cÃ¢mera pode perder pro iPhone mais a bateria Ã© o dia todo kkkkkkkk",['Xiaomi'],"Contagem, Brasil","{'hashtags': [], 'urls': [], 'user_mentions': [{'screen_name': 'gabriellima_004', 'name': 'lima ğŸ”º', 'id': 1172164441892413442, 'id_str': '1172164441892413442', 'indices': [0, 16]}], 'symbols': []}"
2021-05-04 12:39:49,"aproveitando que o @nubank na nos TT, bora cobrar o apple pay jÃ¡ que foi promessa de fim de ano",['Nubank'],VitÃ³ria da Conquista,"{'hashtags': [], 'urls': [], 'user_mentions': [{'screen_name': 'nubank', 'name': 'Nubank', 'id': 2319390320, 'id_str': '2319390320', 'indices': [19, 26]}], 'symbols': []}"
2021-05-04 12:39:49,@fridasdaughter E eu aqui tambÃ©m sigo na mÃ³ paz sendo testemunha de Xiaomi! ğŸ—£ï¸,['Xiaomi'],Ilha de Lesbos,"{'hashtags': [], 'urls': [], 'user_mentions': [{'screen_name': 'fridasdaughter', 'name': 'lu', 'id': 1275661284055400450, 'id_str': '1275661284055400450', 'indices': [0, 15]}], 'symbols': []}"
2021-05-04 12:39:55,"A quem interessar possa, estou com um novo projeto: a @HugMeClub, loja virtual que trabalha com produtos nacionais e importados de diversos setores. Originais de marcas renomadas como Calvin Klein, Tommy Hilfiger, Michael Kors, Carter's, Nike, Puma, dentre outras.",['Nike'],"Belo Horizonte, Brasil","{'hashtags': [], 'urls': [], 'user_mentions': [{'screen_name': 'ramaodamassa', 'name': 'Ramon', 'id': 55749053, 'id_str': '55749053', 'indices': [3, 16]}, {'screen_name': 'HugMeClub', 'name': 'Hug Me Club', 'id': 177844326, 'id_str': '177844326', 'indices': [72, 82]}], 'symbols': []}"
2021-05-04 12:39:56,"AlÃ´ @nubank se tÃ¡ rolando um aumento de limite, lembra de mim! Quelu mutuuuu",['Nubank'],Rio de Janeiro,"{'hashtags': [], 'urls': [], 'user_mentions': [{'screen_name': 'nubank', 'name': 'Nubank', 'id': 2319390320, 'id_str': '2319390320', 'indices': [4, 11]}], 'symbols': []}"
2021-05-04 12:40:01,E eu que tenho Nubank a anos e meu limite nunca aumentou nem 1 centavo ğŸ¤¡ğŸ¤¡,['Nubank'],None,"{'hashtags': [], 'urls': [], 'user_mentions': [], 'symbols': []}"
2021-05-04 12:40:06,"entao Nubank aumentou varios limites ate de quem nem ta com renda e eu que to com renda e pago tudo em dia, nao tenho, fdp",['Nubank'],Red Room,"{'hashtags': [], 'urls': [], 'user_mentions': [], 'symbols': []}"
2021-05-04 12:40:17,sou datilografa virgem e gosto de coca cola,['Coca cola'],ParÃ¡,"{'hashtags': [], 'urls': [], 'user_mentions': [], 'symbols': []}"
2021-05-04 12:40:19,@P0ssuidao xiaomi redmi note 10!!! (igual ao meu),['Xiaomi'],SÃ£o Paulo - BR | Porto - PT,"{'hashtags': [], 'urls': [], 'user_mentions': [{'screen_name': 'P0ssuidao', 'name': 'JoÃ£o Freire', 'id': 1888938691, 'id_str': '1888938691', 'indices': [0, 10]}], 'symbols': []}"
2021-05-04 12:40:25,sedenta por pontos na shein,['SHEIN'],Guilherme ğŸ‘¼ğŸ½ğŸ¥€ğŸ–¤,"{'hashtags': [], 'urls': [], 'user_mentions': [], 'symbols': []}"
2021-05-04 12:40:25,"vai toma no cu, taxa de 6,50 pra sacar dinheiro no nubank",['Nubank'],"Londrina, Brasil","{'hashtags': [], 'urls': [], 'user_mentions': [], 'symbols': []}"
2021-05-04 12:40:33,aposto que se eu for no @Banrisul eles me dÃ£o um limite maior do que eu pedi na @nubank,['Nubank'],Porto Alegre -RS,"{'hashtags': [], 'urls': [], 'user_mentions': [{'screen_name': 'Banrisul', 'name': 'Banrisul', 'id': 296257613, 'id_str': '296257613', 'indices': [24, 33]}, {'screen_name': 'nubank', 'name': 'Nubank', 'id': 2319390320, 'id_str': '2319390320', 'indices': [80, 87]}], 'symbols': []}"
2021-05-04 12:40:34,"@mviana98_ Movimenta a conta da nubank que tu consegue um cartÃ£o deles, mesmo com nome sujo vocÃª consegue",['Nubank'],"SÃ£o GonÃ§alo, Brasil","{'hashtags': [], 'urls': [], 'user_mentions': [{'screen_name': 'mviana98_', 'name': 'Viana', 'id': 2287348307, 'id_str': '2287348307', 'indices': [0, 10]}], 'symbols': []}"
2021-05-04 12:40:51,"Gente minhas comprinhas da shein estÃ£o no Brasil, quanto tempo serÃ¡ p entregar",['SHEIN'],cwb,"{'hashtags': [], 'urls': [], 'user_mentions': [], 'symbols': []}"
2021-05-04 12:41:03,"@nubank @Joarlens Nubank rapaz 1,00 de limite Ã© uma afronta, estou me sentindo menosprezada ğŸ¤£ğŸ¤£ğŸ¤£ğŸ¤£ğŸ¤£",['Nubank'],None,"{'hashtags': [], 'urls': [], 'user_mentions': [{'screen_name': 'nubank', 'name': 'Nubank', 'id': 2319390320, 'id_str': '2319390320', 'indices': [0, 7]}, {'screen_name': 'Joarlens', 'name': 'Joarlens Afonso', 'id': 2799218177, 'id_str': '2799218177', 'indices': [8, 17]}], 'symbols': []}"
2021-05-04 12:41:14,@nubank Sustenta sua gracinha ğŸ˜¡,['Nubank'],"Vila ValÃ©rio, Brasil","{'hashtags': [], 'urls': [], 'user_mentions': [{'screen_name': 'nubank', 'name': 'Nubank', 'id': 2319390320, 'id_str': '2319390320', 'indices': [0, 7]}], 'symbols': []}"
2021-05-04 12:41:16,@pestanaskrr n eh que ela seja #### mas tbm n eh essas coca cola toda,['Coca cola'],death star,"{'hashtags': [], 'urls': [], 'user_mentions': [{'screen_name': 'pestanaskrr', 'name': 'sa â˜˜ï¸ â‹® ğŸ“š: six of crows âŸ', 'id': 1149107893381345280, 'id_str': '1149107893381345280', 'indices': [0, 12]}], 'symbols': []}"
2021-05-04 12:41:40,"@mayve___ @nubank Levanta a hashtag #AprovaPL2564 e vamos ajudar a melhorar as condiÃ§Ãµes de trabalho desses herÃ³is!

COMPARTILHEğŸ˜‰",['Nubank'],Brasil,"{'hashtags': [{'text': 'AprovaPL2564', 'indices': [53, 66]}], 'urls': [], 'user_mentions': [{'screen_name': 'GeohingtonB', 'name': 'GB', 'id': 1166632429668446208, 'id_str': '1166632429668446208', 'indices': [3, 15]}, {'screen_name': 'mayve___', 'name': 'Mayve', 'id': 1022277131961868289, 'id_str': '1022277131961868289', 'indices': [17, 26]}, {'screen_name': 'nubank', 'name': 'Nubank', 'id': 2319390320, 'id_str': '2319390320', 'indices': [27, 34]}], 'symbols': []}"
2021-05-04 12:41:43,@nubank @AckisaMayra A resposta sempre Ã© triste :(((((((((((((((((( kkkk,['Nubank'],None,"{'hashtags': [], 'urls': [], 'user_mentions': [{'screen_name': 'nubank', 'name': 'Nubank', 'id': 2319390320, 'id_str': '2319390320', 'indices': [0, 7]}, {'screen_name': 'AckisaMayra', 'name': 'Ãckisa Octa (33-32)ğŸ§šğŸ¼\u200dâ™€ï¸âœ­', 'id': 1531346412, 'id_str': '1531346412', 'indices': [8, 20]}], 'symbols': []}"
2021-05-04 12:41:47,Primeira ficada e ele jÃ¡ me pediu uma blusa da Nike,['Nike'],"Vila Velha, Brasil","{'hashtags': [], 'urls': [], 'user_mentions': [], 'symbols': []}"
2021-05-04 12:41:55,A nubank ameaÃ§ou bloquear meu cartÃ£o se nÃ£o pagasse a fatura kkk,['Nubank'],None,"{'hashtags': [], 'urls': [], 'user_mentions': [], 'symbols': []}"
2021-05-04 12:42:13,como assim a Nubank tÃ¡ aumentando o limite dos outros e o meu nada ğŸ˜”,['Nubank'],Brasil,"{'hashtags': [], 'urls': [], 'user_mentions': [], 'symbols': []}"
2021-05-04 12:42:40,JÃ¡ no aguardo do e-mail que vai desanimar o resto do dia,[],Brazil,"{'hashtags': [], 'urls': [], 'user_mentions': [], 'symbols': []}"
2021-05-04 12:42:44,Todo mundo ganhando aumento no limite do nubank e eu tendo o pedido do aumento recusado: ğŸ¤¡ğŸ¤¡ğŸ¤¡,['Nubank'],Brasil,"{'hashtags': [], 'urls': [], 'user_mentions': [], 'symbols': []}"
2021-05-04 12:42:44,eu simplesmente ODEIO a @nubank,['Nubank'],None,"{'hashtags': [], 'urls': [], 'user_mentions': [{'screen_name': 'nubank', 'name': 'Nubank', 'id': 2319390320, 'id_str': '2319390320', 'indices': [24, 31]}], 'symbols': []}"
2021-05-04 12:42:48,"achei que meu pai nÃ£o iria pagar o boleto da shein... mas ele foi bonzinho ğŸ¥ºğŸ’œ, lÃ¡ vai eu ficar ansiosa pra chegar as coisas",['SHEIN'],None,"{'hashtags': [], 'urls': [], 'user_mentions': [], 'symbols': []}"
2021-05-04 12:43:13,Toda vez que eu vejo Nubank nos trending me sobe uma agonia de medo de ser uma notÃ­cia ruim &amp; catastrÃ³fica.,['Nubank'],Idris,"{'hashtags': [], 'urls': [], 'user_mentions': [], 'symbols': []}"
2021-05-04 12:43:28,"Recebi a encomenda da shein, finalmente acertei nos tamanhos, mas a coleira que mandei vir para o lord Ã© pequena, meu eu nunca acerto ğŸ¤¦ğŸ»â€â™‚ï¸",['SHEIN'],SetÃºbal,"{'hashtags': [], 'urls': [], 'user_mentions': [], 'symbols': []}"
2021-05-04 12:43:31,@IsisOfMine @Rodrigolps_ @nubank Vc tem q pagar no dia ou um dia antes,['Nubank'],None,"{'hashtags': [], 'urls': [], 'user_mentions': [{'screen_name': 'IsisOfMine', 'name': 'Isah', 'id': 1287055173542715395, 'id_str': '1287055173542715395', 'indices': [0, 11]}, {'screen_name': 'Rodrigolps_', 'name': 'lovezinho', 'id': 487731479, 'id_str': '487731479', 'indices': [12, 24]}, {'screen_name': 'nubank', 'name': 'Nubank', 'id': 2319390320, 'id_str': '2319390320', 'indices': [25, 32]}], 'symbols': []}"
2021-05-04 12:43:52,"@nubank Poxa, jÃ¡ sÃ£o 6 anos de anos pontuais sem que eu nÃ£o tenha sido agraciado em nenhuma delas :/",['Nubank'],Mariana-Mg,"{'hashtags': [], 'urls': [], 'user_mentions': [{'screen_name': 'nubank', 'name': 'Nubank', 'id': 2319390320, 'id_str': '2319390320', 'indices': [0, 7]}], 'symbols': []}"
2021-05-04 12:43:53,"a humilhaÃ§Ã£o do pobre, todos com aumento de limite no nubank e o meu nada ğŸ¤¡",['Nubank'],None,"{'hashtags': [], 'urls': [], 'user_mentions': [], 'symbols': []}"
2021-05-04 12:44:11,ia comprar meu presente de aniversÃ¡rio no shopping mas acho q vou pegar no site da nike,['Nike'],Brasil,"{'hashtags': [], 'urls': [], 'user_mentions': [], 'symbols': []}"
2021-05-04 12:44:14,"ai @nubank tou vendo vÃ¡rias postagens de pessoas que tiveram seus limites aumentados hoje, tou esquecido no churrasco? ğŸ˜©",['Nubank'],Brasil,"{'hashtags': [], 'urls': [], 'user_mentions': [{'screen_name': 'nubank', 'name': 'Nubank', 'id': 2319390320, 'id_str': '2319390320', 'indices': [3, 10]}], 'symbols': []}"
2021-05-04 12:44:22,"@nubank bem que podia aumentar meu limite ein, eu pago tudo certinho",['Nubank'],"SÃ£o LuÃ­s, Brasil","{'hashtags': [], 'urls': [], 'user_mentions': [{'screen_name': 'nubank', 'name': 'Nubank', 'id': 2319390320, 'id_str': '2319390320', 'indices': [0, 7]}], 'symbols': []}"
2021-05-04 12:44:47,C6 Ã© bem melhor que Nubank,['Nubank'],"Belo Horizonte, Brasil","{'hashtags': [], 'urls': [], 'user_mentions': [], 'symbols': []}"
2021-05-04 12:45:02,Nubank aumentando o limite de geral mas o meu.........,['Nubank'],"Rio de Janeiro, Brasil","{'hashtags': [], 'urls': [], 'user_mentions': [], 'symbols': []}"
2021-05-04 12:45:21,eu acho q guaranÃ¡ antÃ¡rtica pisa mt em coca-cola,['Coca-cola'],"Recife, Brasil","{'hashtags': [], 'urls': [], 'user_mentions': [{'screen_name': 'cxiovinicius', 'name': 'atlas', 'id': 1078070813641838592, 'id_str': '1078070813641838592', 'indices': [3, 16]}], 'symbols': []}"
2021-05-04 12:45:44,to na duvida se vale mais a pena comprar roupa na shein ou na wish,['SHEIN'],None,"{'hashtags': [], 'urls': [], 'user_mentions': [], 'symbols': []}"
2021-05-04 12:45:50,"@nubank  me atende, sÃ³ queria tirar uma dÃºvida :(",['Nubank'],None,"{'hashtags': [], 'urls': [], 'user_mentions': [{'screen_name': 'nubank', 'name': 'Nubank', 'id': 2319390320, 'id_str': '2319390320', 'indices': [0, 7]}], 'symbols': []}"
2021-05-04 12:45:53,Montei a seleÃ§Ã£o da Nike pra pegar esse time contra 21:00,['Nike'],Em outro patamar / NilÃ³polis,"{'hashtags': [], 'urls': [], 'user_mentions': [], 'symbols': []}"
2021-05-04 12:45:53,Gostosoooo,[],"Nilocrime, RJ","{'hashtags': [], 'urls': [], 'user_mentions': [{'screen_name': 'jenifersantos34', 'name': 'JeninhağŸ”¥', 'id': 472399370, 'id_str': '472399370', 'indices': [3, 19]}], 'symbols': []}"
2021-05-04 12:46:00,"Vamos concordar que o Banco Inter Ã© o melhor banco.
E o Nubank sÃ³ serve pra render os centavos, mas vai sacar pra te ver o absurdo.",['Nubank'],"MacapÃ¡, Brasil","{'hashtags': [], 'urls': [], 'user_mentions': [], 'symbols': []}"
2021-05-04 12:46:01,Nubank aumentando meu limite Ã© mÃ³ perigo kkkk,['Nubank'],Embu,"{'hashtags': [], 'urls': [], 'user_mentions': [], 'symbols': []}"
2021-05-04 12:46:05,"@RafaelF73578867 @BlogdoSaoPaulo @centauroesporte @sigaNetshoes @adidasbrasil @Nike Vendas da Nike, sÃ£o exclusivas da Centauro! #informei",['Nike'],SÃ£o Paulo - SP,"{'hashtags': [{'text': 'informei', 'indices': [128, 137]}], 'urls': [], 'user_mentions': [{'screen_name': 'RafaelF73578867', 'name': 'Rafael Felipe', 'id': 1213451510866038784, 'id_str': '1213451510866038784', 'indices': [0, 16]}, {'screen_name': 'BlogdoSaoPaulo', 'name': 'saopauloblog â¤ğŸ¤ğŸ–¤', 'id': 27694036, 'id_str': '27694036', 'indices': [17, 32]}, {'screen_name': 'centauroesporte', 'name': 'centauroesporte', 'id': 17678527, 'id_str': '17678527', 'indices': [33, 49]}, {'screen_name': 'sigaNetshoes', 'name': 'Netshoes', 'id': 44447786, 'id_str': '44447786', 'indices': [50, 63]}, {'screen_name': 'adidasbrasil', 'name': 'adidasbrasil', 'id': 42894971, 'id_str': '42894971', 'indices': [64, 77]}, {'screen_name': 'Nike', 'name': 'Nike', 'id': 415859364, 'id_str': '415859364', 'indices': [78, 83]}], 'symbols': []}"
2021-05-04 12:46:18,mto lindo q inferno,[],"Nilocrime, RJ","{'hashtags': [], 'urls': [], 'user_mentions': [{'screen_name': 'lightskinnalice', 'name': 'rainha do love song', 'id': 861180256568397824, 'id_str': '861180256568397824', 'indices': [3, 19]}], 'symbols': []}"
2021-05-04 12:46:25,Fazendo umas comprinhas na shein,['SHEIN'],"ColÃ´mbia, Brasil","{'hashtags': [], 'urls': [], 'user_mentions': [], 'symbols': []}"
2021-05-04 12:46:27,"tamo juntÃ£o nubank, pode aumentar mais esse limite",['Nubank'],"Aracaju, Brasil","{'hashtags': [], 'urls': [], 'user_mentions': [], 'symbols': []}"
2021-05-04 12:47:05,A nubank so da limite alto pra quem n trabalha mesmo?,['Nubank'],None,"{'hashtags': [], 'urls': [], 'user_mentions': [{'screen_name': 'rangelweslley5', 'name': 'uerlei', 'id': 3356029973, 'id_str': '3356029973', 'indices': [3, 18]}], 'symbols': []}"
2021-05-04 12:47:06,Shein por acaso Ã© sÃ³ pra mulheres mano ????? Acabei de baixar e sÃ³ aparece coisa feminina,['SHEIN'],"Itu, Brasil","{'hashtags': [], 'urls': [], 'user_mentions': [], 'symbols': []}"
2021-05-04 12:47:06,"Falei que melhoraria minha alimentaÃ§Ã£o essa semana, eis que estou tomando Coca Cola no cafÃ© da manhÃ£",['Coca cola'],None,"{'hashtags': [], 'urls': [], 'user_mentions': [], 'symbols': []}"
2021-05-04 12:47:19,@rafaamarqss Ijsdjskskskskakka o pijama era da shein?,['SHEIN'],None,"{'hashtags': [], 'urls': [], 'user_mentions': [{'screen_name': 'rafaamarqss', 'name': 'rafa do vigor', 'id': 981542997958561792, 'id_str': '981542997958561792', 'indices': [0, 12]}], 'symbols': []}"
2021-05-04 12:47:24,sÃ³ qria ta saindo com ela cm nois dois trajados de Nike,['Nike'],None,"{'hashtags': [], 'urls': [], 'user_mentions': [], 'symbols': []}"
2021-05-04 12:47:30,@hesceleb shein ne filhao KKKK quem me dera ter dinheiro pra comprar coisa na gucci ou prada,['SHEIN'],only harry,"{'hashtags': [], 'urls': [], 'user_mentions': [{'screen_name': 'hesceleb', 'name': 'guh| Chester e Farofa', 'id': 1370818401485086724, 'id_str': '1370818401485086724', 'indices': [0, 9]}], 'symbols': []}"
2021-05-04 12:47:39,ok agora tudo que eu quero Ã© um nike pixelado ğŸ¥µ,['Nike'],None,"{'hashtags': [], 'urls': [], 'user_mentions': [], 'symbols': []}"
2021-05-04 12:47:39,sÃ³ qria ta saindo cm ele cm nois dois trajados de Nike,['Nike'],None,"{'hashtags': [], 'urls': [], 'user_mentions': [], 'symbols': []}"
2021-05-04 12:47:47,@_joaopgatti @sophiaemanuella @nubank quando vocÃª pede aumento aÃ­ mesmo Ã© que nÃ£o aumentam e tu vai pruma espÃ©cie de â€œfinal de filaâ€,['Nubank'],"Sunyshore City, Sinnoh","{'hashtags': [], 'urls': [], 'user_mentions': [{'screen_name': '_joaopgatti', 'name': 'xota pÃª', 'id': 1256108838526373889, 'id_str': '1256108838526373889', 'indices': [0, 12]}, {'screen_name': 'sophiaemanuella', 'name': 'sofia', 'id': 1110361523967455232, 'id_str': '1110361523967455232', 'indices': [13, 29]}, {'screen_name': 'nubank', 'name': 'Nubank', 'id': 2319390320, 'id_str': '2319390320', 'indices': [30, 37]}], 'symbols': []}"
2021-05-04 12:47:52,"@PauloRMelo Algumas empresas com bastante Elixir: Delivery Center, Bcredi, Stone, Nubank, Magnetis, SumUp, Trybe",['Nubank'],"Curitiba, Brazil","{'hashtags': [], 'urls': [], 'user_mentions': [{'screen_name': 'PauloRMelo', 'name': 'Paulo Melo', 'id': 61281540, 'id_str': '61281540', 'indices': [0, 11]}], 'symbols': []}"
2021-05-04 12:48:22,"@lorenachss Aqui tb, atÃ© a prÃ³pria SHEIN tÃ¡ mais atualizada",['SHEIN'],None,"{'hashtags': [], 'urls': [], 'user_mentions': [{'screen_name': 'lorenachss', 'name': 'ğ•·ğ–”ğ–—ğ–Šğ–“ğ–†', 'id': 340021930, 'id_str': '340021930', 'indices': [0, 11]}], 'symbols': []}"
2021-05-04 12:48:58,shein Ã© confiÃ¡vel gente?,['SHEIN'],Brazil,"{'hashtags': [], 'urls': [], 'user_mentions': [], 'symbols': []}"
2021-05-04 12:48:59,e aÃ­ nubank vai aumentar meu limite nÃ£o?,['Nubank'],"SÃ£o Paulo, Brasil","{'hashtags': [], 'urls': [], 'user_mentions': [], 'symbols': []}"
2021-05-04 12:49:03,"Depois de 5 meses com o cartÃ£o de dÃ©bito da nubank, hoje eles liberaram o de crÃ©dito com o limite de 200 reais rs! AtÃ© q enfimğŸ™ğŸ¼",['Nubank'],None,"{'hashtags': [], 'urls': [], 'user_mentions': [], 'symbols': []}"
2021-05-04 12:49:05,Alguem pra me ajudar? @nubank,['Nubank'],Lomas de zamora,"{'hashtags': [], 'urls': [], 'user_mentions': [{'screen_name': 'nubank', 'name': 'Nubank', 'id': 2319390320, 'id_str': '2319390320', 'indices': [22, 29]}], 'symbols': []}"
2021-05-04 12:49:06,"Wonho &amp; Nike 

Vem ai, confia",['Nike'],@hwaberryberry is my girlğŸ’•,"{'hashtags': [], 'urls': [], 'user_mentions': [], 'symbols': []}"
2021-05-04 12:49:18,@amazonilio daddy dÃ¡ academia e tÃªnis nike,['Nike'],sei nÃ£o Ã³ ,"{'hashtags': [], 'urls': [], 'user_mentions': [{'screen_name': 'amazonilio', 'name': 'venti do agreste', 'id': 1042281715677454337, 'id_str': '1042281715677454337', 'indices': [0, 11]}], 'symbols': []}"
2021-05-04 12:49:28,Acho que minhas compras do shein se perderam no meio do caminho ou o caminhÃ£o capotou e perdeu elas,['SHEIN'],None,"{'hashtags': [], 'urls': [], 'user_mentions': [], 'symbols': []}"
2021-05-04 12:49:51,"Pedido em trÃ¢nsito ğŸ¤¦ğŸ½â€â™€ï¸
Shein enrola em ğŸ˜’",['SHEIN'],CRVG,"{'hashtags': [], 'urls': [], 'user_mentions': [], 'symbols': []}"
2021-05-04 12:49:55,@hswift89 mais compra toda semana na shein neh o burguÃªsa safada,['SHEIN'],1994,"{'hashtags': [], 'urls': [], 'user_mentions': [{'screen_name': 'hswift89', 'name': 'leeh', 'id': 1381348072542855172, 'id_str': '1381348072542855172', 'indices': [0, 9]}], 'symbols': []}"
2021-05-04 12:50:03,eu sÃ³ queria conseguir para de tomar Coca Cola mds,['Coca cola'],"JaraguÃ¡ do Sul, Brasil","{'hashtags': [], 'urls': [], 'user_mentions': [], 'symbols': []}"
2021-05-04 12:50:08,"acho que vou precisar deixar meu nome ir pro spc, dever pra um agiota, perder minha casa num jogo de azar pra @nubank aumentar meu limite",['Nubank'],"zona leste, sp","{'hashtags': [], 'urls': [], 'user_mentions': [{'screen_name': 'nubank', 'name': 'Nubank', 'id': 2319390320, 'id_str': '2319390320', 'indices': [110, 117]}], 'symbols': []}"
2021-05-04 12:50:13,"acho que vou precisar deixar meu nome ir pro spc, dever pra um agiota, perder minha casa num jogo de azar pra @nubank aumentar meu limite",['Nubank'],None,"{'hashtags': [], 'urls': [], 'user_mentions': [{'screen_name': 'thlndrd', 'name': 'thalia', 'id': 912828433, 'id_str': '912828433', 'indices': [3, 11]}, {'screen_name': 'nubank', 'name': 'Nubank', 'id': 2319390320, 'id_str': '2319390320', 'indices': [123, 130]}], 'symbols': []}"
2021-05-04 12:50:29,"@adiirjr Sim, eles sÃ£o. Mas se fala de Android/xiaomi o adir pira, ai n pode. ğŸ¥°ğŸ¤ª",['Xiaomi'],"Blumenau, Brasil","{'hashtags': [], 'urls': [], 'user_mentions': [{'screen_name': 'adiirjr', 'name': 'Adir', 'id': 1069561194602786817, 'id_str': '1069561194602786817', 'indices': [0, 8]}], 'symbols': []}"
2021-05-04 12:50:30,tem uma hora que tÃ´ presa na shein olhando roupa,['SHEIN'], ğ‰ğˆğŒğˆğ. ì¹œì ˆí•˜ê³  ì‚¬ë‘ìŠ¤ëŸ¬ìš´ â¥ï¸ ì„¹ì‹œí•˜ê³  ê·€ì—¬ìš´ ì§€ë¯¼ì´ ... ğŸœ²Â Â  ê·¸ê²ƒì€ ì†Œë…„ â™¡ï¸ ê°•í•˜ê³  ì¬ëŠ¥ìˆëŠ” âœ©,"{'hashtags': [], 'urls': [], 'user_mentions': [], 'symbols': []}"
2021-05-04 12:50:31,@LaraHino_ o q Ã© shein?,['SHEIN'],None,"{'hashtags': [], 'urls': [], 'user_mentions': [{'screen_name': 'LaraHino_', 'name': 'Lara', 'id': 1172675605, 'id_str': '1172675605', 'indices': [0, 10]}], 'symbols': []}"
created_at,tweet_content,keyword,user_location,entities
2021-05-04 13:01:01,@nubank aumenta meu limite nunk? ğŸ˜©,['Nubank'],"Rio de Janeiro, Brasil","{'hashtags': [], 'urls': [], 'user_mentions': [{'screen_name': 'nubank', 'name': 'Nubank', 'id': 2319390320, 'id_str': '2319390320', 'indices': [0, 7]}], 'symbols': []}"
2021-05-04 13:01:38,Sou uma piada para o @nubank ğŸ¤¡,['Nubank'],None,"{'hashtags': [], 'urls': [], 'user_mentions': [{'screen_name': 'nubank', 'name': 'Nubank', 'id': 2319390320, 'id_str': '2319390320', 'indices': [21, 28]}], 'symbols': []}"
2021-05-04 13:01:42,"#Nubank 

Preciso de 10 mil de limite 

Nunca pedi nada pra vcs ğŸ¤£",['Nubank'],None,"{'hashtags': [{'text': 'Nubank', 'indices': [17, 24]}], 'urls': [], 'user_mentions': [{'screen_name': 'luizamodell', 'name': 'Maria LuÃ­za ğŸ’‹', 'id': 1167037029672202240, 'id_str': '1167037029672202240', 'indices': [3, 15]}], 'symbols': []}"
2021-05-04 13:01:58,"Entro no site da Nike Ã© pergunto,pq nÃ£o sou rico ğŸ¤¦â€â™‚ï¸ğŸ¤¯",['Nike'],None,"{'hashtags': [], 'urls': [], 'user_mentions': [], 'symbols': []}"
2021-05-04 13:02:23,sofrendo p achar uma jaqueta da nike d nba,['Nike'],021,"{'hashtags': [], 'urls': [], 'user_mentions': [], 'symbols': []}"
2021-05-04 13:02:31,@S2NTXS tipo coca cola nos mentos nÃ³s tamos a explodir?,['Coca cola'],Cuba,"{'hashtags': [], 'urls': [], 'user_mentions': [{'screen_name': 'S2NTXS', 'name': 'santos !! ğŸ—£', 'id': 1256577388156260356, 'id_str': '1256577388156260356', 'indices': [0, 7]}], 'symbols': []}"
2021-05-04 13:02:32,@xbabimonteiro acordei com essa linda mensagem porÃ©m o aumento foi sÃ³ de 10 reais. nubank eu sou uma piada pra vc?,['Nubank'],BrasÃ­lia,"{'hashtags': [], 'urls': [], 'user_mentions': [{'screen_name': 'xbabimonteiro', 'name': 'Babuxa', 'id': 1361471889089171456, 'id_str': '1361471889089171456', 'indices': [0, 14]}], 'symbols': []}"
2021-05-04 13:02:33,nubank bem que podia me dar um limite de 50000,['Nubank'],"MaceiÃ³, Brasil","{'hashtags': [], 'urls': [], 'user_mentions': [], 'symbols': []}"
2021-05-04 13:03:09,@SHOUYOPlCS perfume da BoticÃ¡rio e jogador de lol,['BoticÃ¡rio'],dc: Naomi Aiko#4324    (ela/u),"{'hashtags': [], 'urls': [], 'user_mentions': [{'screen_name': 'SHOUYOPlCS', 'name': 'foo', 'id': 1370423030766317568, 'id_str': '1370423030766317568', 'indices': [0, 11]}], 'symbols': []}"
2021-05-04 13:03:00,A nubank so da limite alto pra quem n trabalha mesmo?,['Nubank'],"Manaus, AM, Brasil","{'hashtags': [], 'urls': [], 'user_mentions': [{'screen_name': 'rangelweslley5', 'name': 'uerlei', 'id': 3356029973, 'id_str': '3356029973', 'indices': [3, 18]}], 'symbols': []}"
2021-05-04 13:02:55,"Nubank aumenta meu limite mas nÃ£o aumenta meu salÃ¡rio, aÃ­ Ã© foda",['Nubank'],"Rio Grande do Sul, Brasil","{'hashtags': [], 'urls': [], 'user_mentions': [], 'symbols': []}"
2021-05-04 13:03:23,Meu dedinho ta coÃ§ando pra finalizar meu carrinho de compras na shein,['SHEIN'],None,"{'hashtags': [], 'urls': [], 'user_mentions': [], 'symbols': []}"
2021-05-04 13:03:44,que absurdo,[],None,"{'hashtags': [], 'urls': [], 'user_mentions': [{'screen_name': 'dudinha', 'name': 'dudinha', 'id': 3626009357, 'id_str': '3626009357', 'indices': [3, 11]}], 'symbols': []}"
2021-05-04 13:03:48,eu acho q guaranÃ¡ antÃ¡rtica pisa mt em coca-cola,['Coca-cola'],"GoiÃ¢nia, Brasil","{'hashtags': [], 'urls': [], 'user_mentions': [{'screen_name': 'cxiovinicius', 'name': 'atlas', 'id': 1078070813641838592, 'id_str': '1078070813641838592', 'indices': [3, 16]}], 'symbols': []}"
2021-05-04 13:03:51,"@nubank JÃ¡ pedi. Uso muito, pago sempre em dia e tenho que utilizar outros cartÃµes porque sÃ³ o nu nÃ£o suporta meus gastos..
Poxinha ğŸ¥º",['Nubank'],Rio de Janeiro,"{'hashtags': [], 'urls': [], 'user_mentions': [{'screen_name': 'nubank', 'name': 'Nubank', 'id': 2319390320, 'id_str': '2319390320', 'indices': [0, 7]}], 'symbols': []}"
2021-05-04 13:04:14,O dia que o @nubank aumentar o meu limite vai ser um milagre e tanto...,['Nubank'],#she/her ,"{'hashtags': [], 'urls': [], 'user_mentions': [{'screen_name': 'nubank', 'name': 'Nubank', 'id': 2319390320, 'id_str': '2319390320', 'indices': [12, 19]}], 'symbols': []}"
2021-05-04 13:04:15,pensando em compra uma calÃ§a da shein sera,['SHEIN'],ï¼ lena,"{'hashtags': [], 'urls': [], 'user_mentions': [], 'symbols': []}"
2021-05-04 13:04:16,Ãºnico relacionamento tÃ³xico que eu tenho Ã© com o nubank,['Nubank'],"AraporÃ£, Brasil","{'hashtags': [], 'urls': [], 'user_mentions': [{'screen_name': 'Jean_CarlossR', 'name': 'Jean', 'id': 1010430409644093441, 'id_str': '1010430409644093441', 'indices': [3, 17]}], 'symbols': []}"
2021-05-04 13:04:17,Vcs reclamando da Nubank e eu super feliz q meu crÃ©dito foi de 50 reais pra 70 ğŸ¤¡ğŸ¤¡ğŸ¤¡,['Nubank'],None,"{'hashtags': [], 'urls': [], 'user_mentions': [], 'symbols': []}"
2021-05-04 13:04:48,Os meus 800 pontos da SHEIN voltaram ğŸ¥°,['SHEIN'],ğŸŒ¸Portugal,"{'hashtags': [], 'urls': [], 'user_mentions': [], 'symbols': []}"
2021-05-04 13:04:34,exercendo minha burguesia e fazendo comprinhas na shein,['SHEIN'],None,"{'hashtags': [], 'urls': [], 'user_mentions': [], 'symbols': []}"
2021-05-04 13:04:53,ainda bem q q nubank n aumentou meu limite igual de um pessoal aÃ­ 800 conto pra mim jÃ¡ Ã© muito,['Nubank'],None,"{'hashtags': [], 'urls': [], 'user_mentions': [], 'symbols': []}"
2021-05-04 13:04:58,A nubank so da limite alto pra quem n trabalha mesmo?,['Nubank'],onde tiver Ã¡lcool ,"{'hashtags': [], 'urls': [], 'user_mentions': [], 'symbols': []}"
2021-05-04 13:05:01,Vejo Nubank nos TTâ€™s e jÃ¡ imagino qual a merda da vez,['Nubank'],None,"{'hashtags': [], 'urls': [], 'user_mentions': [], 'symbols': []}"
2021-05-04 13:04:52,"Nubank tinha que parar com essa porra de descontar 6,50 quando retira dinheiro no caixa",['Nubank'],None,"{'hashtags': [], 'urls': [], 'user_mentions': [], 'symbols': []}"
2021-05-04 13:05:08,"Frio bom pra continuar na cama, maaaas... os kit da Nike nÃ£o cai do cÃ©u ne parÃ§a, bora trabalhar",['Nike'],"BrasÃ­lia, Brasil","{'hashtags': [], 'urls': [], 'user_mentions': [], 'symbols': []}"
2021-05-04 13:05:18,Lojinhas do insta q compra roupa na shein e vende como se fosse produÃ§Ã£o exclusiva,['SHEIN'],clareira na mata - 012 ,"{'hashtags': [], 'urls': [], 'user_mentions': [], 'symbols': []}"
2021-05-04 13:05:25,@BNakamatsu Xiii mudando de assunto eu to criando uma conta no nubank deposita 25 mil aqui rapidao so pra eu ver se ta funcionando normal,['Nubank'],None,"{'hashtags': [], 'urls': [], 'user_mentions': [{'screen_name': 'BNakamatsu', 'name': 'Bia Nakamatsu', 'id': 1261374350537691142, 'id_str': '1261374350537691142', 'indices': [0, 11]}], 'symbols': []}"
2021-05-04 13:05:33,nao to enchendo o carrinho da shein nao,['SHEIN'],None,"{'hashtags': [], 'urls': [], 'user_mentions': [], 'symbols': []}"
2021-05-04 13:05:35,"@scarlagabs eu tava em dÃºvida entre as duas mesmo! Pra PF a Nubank Ã© Ã³tima, mas nÃ£o vi muita vantagem pra PJ.",['Nubank'],Juiz de Fora - MG,"{'hashtags': [], 'urls': [], 'user_mentions': [{'screen_name': 'scarlagabs', 'name': 'gabs', 'id': 1006941098265272322, 'id_str': '1006941098265272322', 'indices': [0, 11]}], 'symbols': []}"
2021-05-04 13:05:48,E a Nubank segue aumentando mais e mais o meu crÃ©dito,['Nubank'],None,"{'hashtags': [], 'urls': [], 'user_mentions': [], 'symbols': []}"
2021-05-04 13:05:53,"prÃ³ximo carnaval eu irei passar com o umbigo furado, copinho pendurado no ombro, nike no pÃ© e fantasia de jasmine, me aguardem",['Nike'],None,"{'hashtags': [], 'urls': [], 'user_mentions': [], 'symbols': []}"
created_at,tweet_content,keyword,user_location,entities
2021-05-04 13:10:44,"@nubank nos trendings de aumento de limite, e eu abrindo app atoa ğŸ¥²",['Nubank'],"VitÃ³ria, ES","{'hashtags': [], 'urls': [], 'user_mentions': [{'screen_name': 'nubank', 'name': 'Nubank', 'id': 2319390320, 'id_str': '2319390320', 'indices': [0, 7]}], 'symbols': []}"
2021-05-04 13:10:45,@ninaoliveira___ @nubank Quando eu fiz o objetivo era esse tbm kkkkk,['Nubank'],None,"{'hashtags': [], 'urls': [], 'user_mentions': [{'screen_name': 'ninaoliveira___', 'name': 'ninoca do vigor', 'id': 1147254367101378565, 'id_str': '1147254367101378565', 'indices': [0, 16]}, {'screen_name': 'nubank', 'name': 'Nubank', 'id': 2319390320, 'id_str': '2319390320', 'indices': [17, 24]}], 'symbols': []}"
2021-05-04 13:10:46,@Jeffers57695378 Onde fez essa tatuagem da nike refletida? brabağŸ’ª,['Nike'],santissimo city,"{'hashtags': [], 'urls': [], 'user_mentions': [{'screen_name': 'Jeffers57695378', 'name': 'Neguinho cafÃ©', 'id': 1138650505880711170, 'id_str': '1138650505880711170', 'indices': [0, 16]}], 'symbols': []}"
2021-05-04 13:10:48,@nubank  aumento o limite de todo mundo e o meu continuando ZERO e eu tendo que usar o limite temporÃ¡rio,['Nubank'],My Bieber Experience,"{'hashtags': [], 'urls': [], 'user_mentions': [{'screen_name': 'nubank', 'name': 'Nubank', 'id': 2319390320, 'id_str': '2319390320', 'indices': [0, 7]}], 'symbols': []}"
2021-05-04 13:10:49,@nubank aumenta meu limite,['Nubank'],None,"{'hashtags': [], 'urls': [], 'user_mentions': [{'screen_name': 'nubank', 'name': 'Nubank', 'id': 2319390320, 'id_str': '2319390320', 'indices': [0, 7]}], 'symbols': []}"
2021-05-04 13:10:52,Verde na mente Nike no pÃ©,['Nike'],None,"{'hashtags': [], 'urls': [], 'user_mentions': [], 'symbols': []}"
2021-05-04 13:11:03,vendo todo mundo receber as coisas da shein ontem/hoje menos eu ğŸ¤¯ğŸ¤¯ğŸ˜ğŸ˜ğŸ˜,['SHEIN'],Brasil,"{'hashtags': [], 'urls': [], 'user_mentions': [], 'symbols': []}"
2021-05-04 13:11:04,@nubank responde dm rapaz,['Nubank'],None,"{'hashtags': [], 'urls': [], 'user_mentions': [{'screen_name': 'nubank', 'name': 'Nubank', 'id': 2319390320, 'id_str': '2319390320', 'indices': [0, 7]}], 'symbols': []}"
2021-05-04 13:11:05,Ã³dio anal do site da nike sÃ³ queria comprar um dunkzinho,['Nike'],Brazil,"{'hashtags': [], 'urls': [], 'user_mentions': [], 'symbols': []}"
2021-05-04 13:11:08,"@dearschafer Eu na vida ğŸ¤¦ğŸ½â€â™€ï¸ ğŸ¤¦ğŸ½â€â™€ï¸ ğŸ¤£ğŸ¤£
Pra ter crÃ©dito tem que por crÃ©dito ğŸ™„ğŸ˜’
Melhor comprar Ã  vista nÃ© dona @nubank ğŸ¤·",['Nubank'],None,"{'hashtags': [], 'urls': [], 'user_mentions': [{'screen_name': 'Thamires_Dias12', 'name': 'ThamiresğŸ–¤', 'id': 1040240031460405250, 'id_str': '1040240031460405250', 'indices': [3, 19]}, {'screen_name': 'dearschafer', 'name': 'f', 'id': 856854031, 'id_str': '856854031', 'indices': [21, 33]}, {'screen_name': 'nubank', 'name': 'Nubank', 'id': 2319390320, 'id_str': '2319390320', 'indices': [130, 137]}], 'symbols': []}"
2021-05-04 13:11:09,"eeeeguas, eu nÃ£o deixava @nubank",['Nubank'],"SÃ£o LuÃ­s, Brasil","{'hashtags': [], 'urls': [], 'user_mentions': [{'screen_name': 'julianerys_', 'name': ""don't call me anjÃ£o"", 'id': 171442438, 'id_str': '171442438', 'indices': [3, 15]}, {'screen_name': 'nubank', 'name': 'Nubank', 'id': 2319390320, 'id_str': '2319390320', 'indices': [42, 49]}], 'symbols': []}"
2021-05-04 13:11:14,@nubank sem tempo irmao,['Nubank'],"AnÃ¡polis, ğŸ‡§ğŸ‡·","{'hashtags': [], 'urls': [], 'user_mentions': [{'screen_name': 'nubank', 'name': 'Nubank', 'id': 2319390320, 'id_str': '2319390320', 'indices': [0, 7]}], 'symbols': []}"
2021-05-04 13:11:26,@Xetdoinvesting @nubank tÃ£o falando de ti aqui,['Nubank'],"SÃ£o LuÃ­s, Brasil","{'hashtags': [], 'urls': [], 'user_mentions': [{'screen_name': 'Xetdoinvesting', 'name': 'Xet do investing', 'id': 1225433724004728832, 'id_str': '1225433724004728832', 'indices': [0, 15]}, {'screen_name': 'nubank', 'name': 'Nubank', 'id': 2319390320, 'id_str': '2319390320', 'indices': [16, 23]}], 'symbols': []}"
2021-05-04 13:11:27,queria um bolo de cenoura com cobertura de chocolate e uma coca cola gelada ğŸ¤¤,['Coca cola'],"Resende, Brasil","{'hashtags': [], 'urls': [], 'user_mentions': [], 'symbols': []}"
2021-05-04 13:11:35,@_gabriel_geno_ ela e da shein,['SHEIN'],"SÃ£o Bernardo do Campo, Brasil","{'hashtags': [], 'urls': [], 'user_mentions': [{'screen_name': '_gabriel_geno_', 'name': 'geno', 'id': 1132689273700929536, 'id_str': '1132689273700929536', 'indices': [0, 15]}], 'symbols': []}"
2021-05-04 13:11:36,@imnotlyarax Ã© da shein mas eu nao acho ela la vei,['SHEIN'],None,"{'hashtags': [], 'urls': [], 'user_mentions': [{'screen_name': 'imnotlyarax', 'name': 'ly random', 'id': 1183491845650894848, 'id_str': '1183491845650894848', 'indices': [0, 12]}], 'symbols': []}"
2021-05-04 13:11:49,vou atÃ© dar uma olhadinha no meu nubank aq pfvr roxinho aumenta meu limite pra 1000 conto mesmo eu n ganhando 1 real por mes,['Nubank'],None,"{'hashtags': [], 'urls': [], 'user_mentions': [], 'symbols': []}"
2021-05-04 13:11:49,"qual que Ã© o nubank tÃ¡ aumentando o limite de crÃ©dito de todo mundo, mas pro bobo aqui foram incrÃ­veis zero reais nÃ©",['Nubank'],My Bieber Experience,"{'hashtags': [], 'urls': [], 'user_mentions': [], 'symbols': []}"
2021-05-04 13:11:56,BoticÃ¡rio coloca o sÃ©rum novo da Manu em promoÃ§Ã£o e eu digo se esperava ou nÃ£o,['BoticÃ¡rio'],None,"{'hashtags': [], 'urls': [], 'user_mentions': [], 'symbols': []}"
2021-05-04 13:12:05,@nubank CadÃª meu aumento de limite ?,['Nubank'],"BrasÃ­lia, Brasil","{'hashtags': [], 'urls': [], 'user_mentions': [{'screen_name': 'nubank', 'name': 'Nubank', 'id': 2319390320, 'id_str': '2319390320', 'indices': [0, 7]}], 'symbols': []}"
2021-05-04 13:12:11,muita vtd d beber uma coca cola bem gelada ğŸ˜¡,['Coca cola'],-â™¥ final contente ğŸ˜ ,"{'hashtags': [], 'urls': [], 'user_mentions': [], 'symbols': []}"
2021-05-04 13:12:20,pq a Nubank nunca aumenta a bosta do meu limite,['Nubank'],"Contagem, Brasil","{'hashtags': [], 'urls': [], 'user_mentions': [], 'symbols': []}"
2021-05-04 13:12:37,A nubank so da limite alto pra quem n trabalha mesmo?,['Nubank'],BRA,"{'hashtags': [], 'urls': [], 'user_mentions': [{'screen_name': 'rangelweslley5', 'name': 'uerlei', 'id': 3356029973, 'id_str': '3356029973', 'indices': [3, 18]}], 'symbols': []}"
2021-05-04 13:12:42,pq a Nubank nunca aumenta a bosta do meu limite,['Nubank'],None,"{'hashtags': [], 'urls': [], 'user_mentions': [{'screen_name': 'NBrunn1_', 'name': 'NaBru', 'id': 978245198462451712, 'id_str': '978245198462451712', 'indices': [3, 12]}], 'symbols': []}"
2021-05-04 13:12:43,@nubank CadÃª o #ApplePay????,['Nubank'],None,"{'hashtags': [{'text': 'ApplePay', 'indices': [15, 24]}], 'urls': [], 'user_mentions': [{'screen_name': 'nubank', 'name': 'Nubank', 'id': 2319390320, 'id_str': '2319390320', 'indices': [0, 7]}], 'symbols': []}"
2021-05-04 13:12:51,@ouotison @nubank Qual foi o concorrente????,['Nubank'],Ovelhas negras,"{'hashtags': [], 'urls': [], 'user_mentions': [{'screen_name': 'ouotison', 'name': 'Watson Andrade', 'id': 3245501200, 'id_str': '3245501200', 'indices': [0, 9]}, {'screen_name': 'nubank', 'name': 'Nubank', 'id': 2319390320, 'id_str': '2319390320', 'indices': [10, 17]}], 'symbols': []}"
2021-05-04 13:12:56,@sirati_joao @nubank caralho me empresta 1000 ai,['Nubank'],None,"{'hashtags': [], 'urls': [], 'user_mentions': [{'screen_name': 'sirati_joao', 'name': 'Sirati', 'id': 1061798275991388160, 'id_str': '1061798275991388160', 'indices': [0, 12]}, {'screen_name': 'nubank', 'name': 'Nubank', 'id': 2319390320, 'id_str': '2319390320', 'indices': [13, 20]}], 'symbols': []}"
2021-05-04 13:12:57,@NBrunn1_ AlÃ´ @nubank aumenta aiii,['Nubank'],None,"{'hashtags': [], 'urls': [], 'user_mentions': [{'screen_name': 'NBrunn1_', 'name': 'NaBru', 'id': 978245198462451712, 'id_str': '978245198462451712', 'indices': [0, 9]}, {'screen_name': 'nubank', 'name': 'Nubank', 'id': 2319390320, 'id_str': '2319390320', 'indices': [14, 21]}], 'symbols': []}"
2021-05-04 13:13:08,nike eu te amo mt mas tbm te odeio,['Nike'],MS,"{'hashtags': [], 'urls': [], 'user_mentions': [], 'symbols': []}"
2021-05-04 13:13:11,"sonhei que tava comendo coxinha e tomando coca-cola e do nada DO NADA nicole kidman entrou em meu sonho pra ir comprar tambÃ©m, aÃ­ a moÃ§a do caixa tava mÃ³ confusa com meu dinheiro, a nicole se meteu pra contar o meu dinheiro pra mulher e eu mandei ela tomar conta da vida dela",['Coca-cola'],moscow,"{'hashtags': [], 'urls': [], 'user_mentions': [], 'symbols': []}"
2021-05-04 13:13:11,"@nubank WWERRRRAAAAARRAARRRRRR

TraduÃ§Ã£o: aumenta meu limite ğŸ‘€

Brincadeira, nÃ£o precisa, mas se quiser tÃ´ aceitando ğŸ‘€ğŸ˜",['Nubank'],"SÃ£o Paulo, Brasil","{'hashtags': [], 'urls': [], 'user_mentions': [{'screen_name': 'nubank', 'name': 'Nubank', 'id': 2319390320, 'id_str': '2319390320', 'indices': [0, 7]}], 'symbols': []}"
2021-05-04 13:13:18,oq eh q nubank aumentando o limite de todo mundo menos o meu?? quero gastar seus filha da puta,['Nubank'],South Africa,"{'hashtags': [], 'urls': [], 'user_mentions': [{'screen_name': 'juavnn', 'name': 'Julia', 'id': 4873256859, 'id_str': '4873256859', 'indices': [3, 10]}], 'symbols': []}"
2021-05-04 13:13:20,@nubank Aumentaaaa meu limiteeeeeee,['Nubank'],Ovelhas negras,"{'hashtags': [], 'urls': [], 'user_mentions': [{'screen_name': 'nubank', 'name': 'Nubank', 'id': 2319390320, 'id_str': '2319390320', 'indices': [0, 7]}], 'symbols': []}"
2021-05-04 13:13:20,A nubank so da limite alto pra quem n trabalha mesmo?,['Nubank'],"Contagem, Brasil","{'hashtags': [], 'urls': [], 'user_mentions': [{'screen_name': 'rangelweslley5', 'name': 'uerlei', 'id': 3356029973, 'id_str': '3356029973', 'indices': [3, 18]}], 'symbols': []}"
2021-05-04 13:13:26,"@_gabriel_geno_ tem que ser na shein? Ã© que quando coloquei no google sÃ³ aparaceu aliexpress, amazon e algumas outras",['SHEIN'],tua glÃ³ria Ã© lutar.,"{'hashtags': [], 'urls': [], 'user_mentions': [{'screen_name': '_gabriel_geno_', 'name': 'geno', 'id': 1132689273700929536, 'id_str': '1132689273700929536', 'indices': [0, 15]}], 'symbols': []}"
2021-05-04 13:13:27,@brunosouzaf10 @nubank eu nÃ£o vou nem te responder pra evitar a fadiga e nÃ£o mandar vocÃª pra casa do caralho,['Nubank'],"Duque de Caxias, Brasil","{'hashtags': [], 'urls': [], 'user_mentions': [{'screen_name': 'brunosouzaf10', 'name': 'Bruno á¶œÊ³á¶ ', 'id': 3379734113, 'id_str': '3379734113', 'indices': [0, 14]}, {'screen_name': 'nubank', 'name': 'Nubank', 'id': 2319390320, 'id_str': '2319390320', 'indices': [15, 22]}], 'symbols': []}"
2021-05-04 13:13:32,"@fadinhadd @nubank Ã‰ de uma corretora de valores, a @modalmais",['Nubank'],"GoiÃ¢nia, Brasil","{'hashtags': [], 'urls': [], 'user_mentions': [{'screen_name': 'fadinhadd', 'name': 'princesinha ?', 'id': 53802795, 'id_str': '53802795', 'indices': [0, 10]}, {'screen_name': 'nubank', 'name': 'Nubank', 'id': 2319390320, 'id_str': '2319390320', 'indices': [11, 18]}, {'screen_name': 'modalmais', 'name': 'modalmais', 'id': 2578778256, 'id_str': '2578778256', 'indices': [52, 62]}], 'symbols': []}"
2021-05-04 13:13:33,pq a Nubank nunca aumenta a bosta do meu limite,['Nubank'],bh ,"{'hashtags': [], 'urls': [], 'user_mentions': [{'screen_name': 'NBrunn1_', 'name': 'NaBru', 'id': 978245198462451712, 'id_str': '978245198462451712', 'indices': [3, 12]}], 'symbols': []}"
2021-05-04 13:13:36,"Papo reto:
Pago R$200 pra quem me emprestar o cartÃ£o de crÃ©dito pra eu comprar um celular pra conseguir trabalhar. Sou uma excelente pagadora (explico na dm o pq), sÃ³ nÃ£o compro do meu pq a @nubank me deu um limite muito baixo ğŸ˜­",['Nubank'],None,"{'hashtags': [], 'urls': [], 'user_mentions': [{'screen_name': 'EshHaughton', 'name': 'â˜€ï¸ğŸ§¡Eshiley Haughton ğŸ‘‘âš¡ğŸ†', 'id': 1168737090831560704, 'id_str': '1168737090831560704', 'indices': [3, 15]}], 'symbols': []}"
2021-05-04 13:13:38,"Nubank aumentou o limite do meu marido que tÃ¡ desempregado, mas o meu nÃ£o

Carteira assinada pra que?ğŸ¤¡ğŸ¤¡",['Nubank'],"SÃ£o JosÃ© dos Campos, Brasil","{'hashtags': [], 'urls': [], 'user_mentions': [], 'symbols': []}"
2021-05-04 13:13:39,"@nubank esperei tanto pelo aumento e vc me da sÃ³ 10,00? eu sou uma piada pra vc?",['Nubank'],BrasÃ­lia,"{'hashtags': [], 'urls': [], 'user_mentions': [{'screen_name': 'nubank', 'name': 'Nubank', 'id': 2319390320, 'id_str': '2319390320', 'indices': [0, 7]}], 'symbols': []}"
2021-05-04 13:13:42,@nubank Melhorem o atendimento virtual e respondam a DM,['Nubank'],"Recife, Brasil","{'hashtags': [], 'urls': [], 'user_mentions': [{'screen_name': 'nubank', 'name': 'Nubank', 'id': 2319390320, 'id_str': '2319390320', 'indices': [0, 7]}], 'symbols': []}"
2021-05-04 13:13:44,"Ainda bem que a Nubank nÃ£o aumentou o meu limite pq eu nÃ£o tenho dinheiro pra sustentar nem oq tenho, imagina mais kk",['Nubank'],"Campo Grande, Rio de Janeiro","{'hashtags': [], 'urls': [], 'user_mentions': [], 'symbols': []}"
2021-05-04 13:13:55,"@promodelivro A falta que um cartÃ£o de crÃ©dito faz... @nubank aprova tudo e todos, menos eu. JÃ¡ desisti da vida",['Nubank'],"Pernambuco, Brasil","{'hashtags': [], 'urls': [], 'user_mentions': [{'screen_name': 'promodelivro', 'name': 'Promo De Livro', 'id': 1260963792487362561, 'id_str': '1260963792487362561', 'indices': [0, 13]}, {'screen_name': 'nubank', 'name': 'Nubank', 'id': 2319390320, 'id_str': '2319390320', 'indices': [54, 61]}], 'symbols': []}"
2021-05-04 13:14:02,Doida pro cartÃ£o virar pra comprar na Shein. Carrinho tÃ¡ cada vez mais barrotado ğŸ˜³,['SHEIN'],None,"{'hashtags': [], 'urls': [], 'user_mentions': [], 'symbols': []}"
2021-05-04 13:14:04,site da nike um grande lixo,['Nike'],"Itapetininga, Brasil","{'hashtags': [], 'urls': [], 'user_mentions': [], 'symbols': []}"
2021-05-04 13:14:05,"Nubank aumentando meu limite Ã© o sinal que eu precisava pra montar um computador novo

SÃ³ falta arrumar um emprego pÃ³s formatura mesmo",['Nubank'],"Rio de Janeiro, Brasil","{'hashtags': [], 'urls': [], 'user_mentions': [], 'symbols': []}"
2021-05-04 13:14:08,mano vai tomar no cu  o site da Nike Ã© do caralho viu que odio,['Nike'],"GuarujÃ¡, Brasil","{'hashtags': [], 'urls': [], 'user_mentions': [], 'symbols': []}"
2021-05-04 13:14:15,@ninparra @nubank Amiga eu recebo meu salÃ¡rio por ali kkkkkkkk tudo,['Nubank'],None,"{'hashtags': [], 'urls': [], 'user_mentions': [{'screen_name': 'ninparra', 'name': 'banana', 'id': 1164563484606119936, 'id_str': '1164563484606119936', 'indices': [0, 9]}, {'screen_name': 'nubank', 'name': 'Nubank', 'id': 2319390320, 'id_str': '2319390320', 'indices': [10, 17]}], 'symbols': []}"
2021-05-04 13:14:24,"@nubank paguei minha fatura q vence dia 18 bem adiantada, tu n percebe q estou fazendo de tudo p ganhar um aumento de limite n!? ğŸ¥ºğŸ¥ºğŸ¥ºğŸ˜œğŸ˜œğŸ˜œ",['Nubank'],"PorciÃºncula, Brasil","{'hashtags': [], 'urls': [], 'user_mentions': [{'screen_name': 'nubank', 'name': 'Nubank', 'id': 2319390320, 'id_str': '2319390320', 'indices': [0, 7]}], 'symbols': []}"
2021-05-04 13:14:28,@ouotison @nubank @modalmais TÃ´ precisando de fazer mais cartÃµes serÃ¡ que eles me liberam + que nu tbm ?,['Nubank'],Ovelhas negras,"{'hashtags': [], 'urls': [], 'user_mentions': [{'screen_name': 'ouotison', 'name': 'Watson Andrade', 'id': 3245501200, 'id_str': '3245501200', 'indices': [0, 9]}, {'screen_name': 'nubank', 'name': 'Nubank', 'id': 2319390320, 'id_str': '2319390320', 'indices': [10, 17]}, {'screen_name': 'modalmais', 'name': 'modalmais', 'id': 2578778256, 'id_str': '2578778256', 'indices': [18, 28]}], 'symbols': []}"
2021-05-04 13:14:45,A nubank so da limite alto pra quem n trabalha mesmo?,['Nubank'],None,"{'hashtags': [], 'urls': [], 'user_mentions': [{'screen_name': 'rangelweslley5', 'name': 'uerlei', 'id': 3356029973, 'id_str': '3356029973', 'indices': [3, 18]}], 'symbols': []}"
2021-05-04 13:14:46,@Andrezzin_cec @nubank kkkkkkkkno fundo eu agradeÃ§o por n aumentar,['Nubank'],"Contagem, Brasil","{'hashtags': [], 'urls': [], 'user_mentions': [{'screen_name': 'Andrezzin_cec', 'name': 'Mendes ğŸ¦ŠğŸ‡®ğŸ‡¹', 'id': 2324338861, 'id_str': '2324338861', 'indices': [0, 14]}, {'screen_name': 'nubank', 'name': 'Nubank', 'id': 2319390320, 'id_str': '2319390320', 'indices': [15, 22]}], 'symbols': []}"
2021-05-04 13:14:46,e meu cartÃ£o da nubank que nunca chega,['Nubank'],None,"{'hashtags': [], 'urls': [], 'user_mentions': [], 'symbols': []}"
2021-05-04 13:14:56,"@crisvector Eu sÃ³ uso @pumabrasil e @Nike, mesmo! Hahhahaa adidas nazi nunca me enganou",['Nike'],"SÃ£o JosÃ© dos Campos, Brasil","{'hashtags': [], 'urls': [], 'user_mentions': [{'screen_name': 'crisvector', 'name': 'Cris', 'id': 17984064, 'id_str': '17984064', 'indices': [0, 11]}, {'screen_name': 'pumabrasil', 'name': 'pumabrasil', 'id': 281551749, 'id_str': '281551749', 'indices': [22, 33]}, {'screen_name': 'Nike', 'name': 'Nike', 'id': 415859364, 'id_str': '415859364', 'indices': [36, 41]}], 'symbols': []}"
2021-05-04 13:15:10,@nubank Ã” NUBANK DÃ UMA OLHADINHA NA DM DEPOIS MEUS PATRÃƒO POR GENTILEZA,['Nubank'],Brasil,"{'hashtags': [], 'urls': [], 'user_mentions': [{'screen_name': 'nubank', 'name': 'Nubank', 'id': 2319390320, 'id_str': '2319390320', 'indices': [0, 7]}], 'symbols': []}"
2021-05-04 13:15:15,sonhei que fui taxada na compra que to esperando chegar da shein senhor vigia,['SHEIN'],None,"{'hashtags': [], 'urls': [], 'user_mentions': [], 'symbols': []}"
2021-05-04 13:15:22,"Nubank deve tÃ¡ tirando uma com minha cara, liberaram um cartÃ£o de crÃ©dito pra mim com limite de $0,52 ğŸ¤¡ğŸ¤¡ğŸ¤¡ğŸ¤¡",['Nubank'],None,"{'hashtags': [], 'urls': [], 'user_mentions': [], 'symbols': []}"
2021-05-04 13:15:25,@nubank Quero meu trofeuzinh Nu rsrrs,['Nubank'],Brasil,"{'hashtags': [], 'urls': [], 'user_mentions': [{'screen_name': 'nubank', 'name': 'Nubank', 'id': 2319390320, 'id_str': '2319390320', 'indices': [0, 7]}], 'symbols': []}"
2021-05-04 13:15:29,"Minhas roupas da shein chegaram no Brasil, amÃ©m",['SHEIN'],"Sarandi, Brasil","{'hashtags': [], 'urls': [], 'user_mentions': [], 'symbols': []}"
2021-05-04 13:15:33,"Tava me sentindo especial, entro no Twitter e descubro que Nubank deu aumento de limite pra todo mundo ğŸ¤¡",['Nubank'],"SÃ£o Paulo, Brasil","{'hashtags': [], 'urls': [], 'user_mentions': [], 'symbols': []}"
2021-05-04 13:15:37,"@vivianlana_ shein
Amazon
Antix (marca q eu compro meus vestidos)
Shopee",['SHEIN'],ğŸ‡®ğŸ‡±,"{'hashtags': [], 'urls': [], 'user_mentions': [{'screen_name': 'vivianlana_', 'name': 'VivÃ­ Lanaâ„¢ (ENCOMENDAS ABERTAS)', 'id': 1239583750561902593, 'id_str': '1239583750561902593', 'indices': [0, 12]}], 'symbols': []}"
2021-05-04 13:15:38,"A Nubank aumentou mais o meu limite, nÃ£o sei se Ã© bom isso.",['Nubank'],None,"{'hashtags': [], 'urls': [], 'user_mentions': [], 'symbols': []}"
2021-05-04 13:15:40,"Pedi aumento de limite ontem e o @nubank n me deu, agora entro no twitter e ta todo mundo ganhando D:",['Nubank'],None,"{'hashtags': [], 'urls': [], 'user_mentions': [{'screen_name': 'nubank', 'name': 'Nubank', 'id': 2319390320, 'id_str': '2319390320', 'indices': [33, 40]}], 'symbols': []}"
created_at,tweet_content,keyword,user_location,entities
2021-05-04 13:15:56,@Cruzeiro @EngajamentoCEC @10neto @Xiaomi  PATROCINA NOIS,['Xiaomi'],"Lavras, Brasil","{'hashtags': [], 'urls': [], 'user_mentions': [{'screen_name': 'Cruzeiro', 'name': 'Cruzeiro ğŸ¦Š', 'id': 1562061097, 'id_str': '1562061097', 'indices': [0, 9]}, {'screen_name': 'EngajamentoCEC', 'name': 'Engajamento do Cruzeiro ğŸ¦Š', 'id': 1283743493429571585, 'id_str': '1283743493429571585', 'indices': [10, 25]}, {'screen_name': '10neto', 'name': 'Craque Neto 10', 'id': 66458391, 'id_str': '66458391', 'indices': [26, 33]}, {'screen_name': 'Xiaomi', 'name': 'Xiaomi', 'id': 377228272, 'id_str': '377228272', 'indices': [34, 41]}], 'symbols': []}"
2021-05-04 13:15:59,"@xlauralima @pleasenat nÃ£o iria pra nubank nÃ£o, 10 anos de cartÃ£o e todo mundo fala que demora sÃ©culos pra aumentar",['Nubank'],"Rio de Janeiro, Brasil","{'hashtags': [], 'urls': [], 'user_mentions': [{'screen_name': 'xlauralima', 'name': 'laura', 'id': 609784377, 'id_str': '609784377', 'indices': [0, 11]}, {'screen_name': 'pleasenat', 'name': 'natâ· ğŸ§ˆ', 'id': 2800273941, 'id_str': '2800273941', 'indices': [12, 22]}], 'symbols': []}"
2021-05-04 13:16:06,"@vivianlana_ Oi meu anjooo tem vÃ¡rios lugares
Mas eu compro as minhas na SHEIN sabe?",['SHEIN'],None,"{'hashtags': [], 'urls': [], 'user_mentions': [{'screen_name': 'vivianlana_', 'name': 'VivÃ­ Lanaâ„¢ (ENCOMENDAS ABERTAS)', 'id': 1239583750561902593, 'id_str': '1239583750561902593', 'indices': [0, 12]}], 'symbols': []}"
2021-05-04 13:16:08,"Mais uma vez o Nubank aumentou meu limite, n sabe o perigo q Ã© ğŸ¤£",['Nubank'],RJ/zn,"{'hashtags': [], 'urls': [], 'user_mentions': [], 'symbols': []}"
2021-05-04 13:16:12,@Sousamarques94 Delta Plus Ã© o Xiaomi,['Xiaomi'],"Rio de Janeiro, Brasil","{'hashtags': [], 'urls': [], 'user_mentions': [{'screen_name': 'Sousamarques94', 'name': 'Matheus', 'id': 775824223982026752, 'id_str': '775824223982026752', 'indices': [0, 15]}], 'symbols': []}"
2021-05-04 13:16:13,Namoral @nubank aumenta meu limite disgraÃ§a!!! Vou ter que ir pro Inter msm Ã© porra?!,['Nubank'],"Salvador, Brasil","{'hashtags': [], 'urls': [], 'user_mentions': [{'screen_name': 'nubank', 'name': 'Nubank', 'id': 2319390320, 'id_str': '2319390320', 'indices': [8, 15]}], 'symbols': []}"
2021-05-04 13:16:17,Todo mundo ganhando aumento no limite do nubank e eu tendo o pedido do aumento recusado: ğŸ¤¡ğŸ¤¡,['Nubank'],"PiauÃ­, Brasil","{'hashtags': [], 'urls': [], 'user_mentions': [], 'symbols': []}"
2021-05-04 13:16:18,@legadaodamassa @nubank nÃ£o acredito que vc vai mesmo pagar as dÃ­vida do Fuik,['Nubank'],"Campinas, Brasil","{'hashtags': [], 'urls': [], 'user_mentions': [{'screen_name': 'legadaodamassa', 'name': 'LEGADÃƒO DO VIGORâ„¢', 'id': 3875236456, 'id_str': '3875236456', 'indices': [0, 15]}, {'screen_name': 'nubank', 'name': 'Nubank', 'id': 2319390320, 'id_str': '2319390320', 'indices': [16, 23]}], 'symbols': []}"
2021-05-04 13:16:18,"@nubank Traduza ai, por gentileza.",['Nubank'],"Belo Horizonte, Brasil","{'hashtags': [], 'urls': [], 'user_mentions': [{'screen_name': 'nubank', 'name': 'Nubank', 'id': 2319390320, 'id_str': '2319390320', 'indices': [0, 7]}], 'symbols': []}"
2021-05-04 13:16:25,"Agora o nubank aumentou meu limite, posso nem pagar $50 imagina $400",['Nubank'],"Recife, Pernambuco","{'hashtags': [], 'urls': [], 'user_mentions': [], 'symbols': []}"
2021-05-04 13:16:36,"Gente a campanha feat O boticÃ¡rio e Quem disse Berenice tÃ¡ maraaa. Manu ,como sempre, GÃªniaâ¤",['BoticÃ¡rio'],None,"{'hashtags': [], 'urls': [], 'user_mentions': [], 'symbols': []}"
2021-05-04 13:16:38,"6,50 de taxa, pra fazer um saque na nubank ğŸ˜¥",['Nubank'],Davi LuÃ­s ğŸ’™,"{'hashtags': [], 'urls': [], 'user_mentions': [], 'symbols': []}"
2021-05-04 13:16:44,"@_gabriel_geno_ mano eu nunca achei na shein, se mandarem o link me mamda pfvrr",['SHEIN'],Salvador/Bahia,"{'hashtags': [], 'urls': [], 'user_mentions': [{'screen_name': '_gabriel_geno_', 'name': 'geno', 'id': 1132689273700929536, 'id_str': '1132689273700929536', 'indices': [0, 15]}], 'symbols': []}"
2021-05-04 13:16:44,"Hoje o brasileiro sÃ³ quer 2 coisas: classificaÃ§Ã£o do PSG e JULIETTE CampeÃ£.  

#JulietteDay Nubank Votando",['Nubank'],Seabra Bahia ,"{'hashtags': [{'text': 'JulietteDay', 'indices': [79, 91]}], 'urls': [], 'user_mentions': [], 'symbols': []}"
2021-05-04 13:16:51,acordei com vontade de comprar um nike parcelado em 50 vezes,['Nike'],"Santa Catarina, Brasil","{'hashtags': [], 'urls': [], 'user_mentions': [], 'symbols': []}"
2021-05-04 13:16:51,Ãšltima vez que o traviscote fez mÃºsica boa o logo da Nike ainda era certo,['Nike'],"Curitiba, Brasil","{'hashtags': [], 'urls': [], 'user_mentions': [], 'symbols': []}"
2021-05-04 13:16:53,dia difÃ­cil pra quem foi taxada na shein ğŸ¥²ğŸ¥²,['SHEIN'],"Itabira, Brasil","{'hashtags': [], 'urls': [], 'user_mentions': [], 'symbols': []}"
2021-05-04 13:16:54,@stick_line Nubank tem conta jurÃ­dica,['Nubank'],"Juiz de Fora, Brasil","{'hashtags': [], 'urls': [], 'user_mentions': [{'screen_name': 'stick_line', 'name': 'Stick Line', 'id': 45965876, 'id_str': '45965876', 'indices': [0, 11]}], 'symbols': []}"
2021-05-04 13:16:56,Um mÃªs e a Nike vai e cancela meu force que agora subiu o preÃ§o. Eu te odeio nike eu te odeio,['Nike'],"Indaiatuba, Brasil","{'hashtags': [], 'urls': [], 'user_mentions': [], 'symbols': []}"
2021-05-04 13:16:58,"@MarabaCarlos fiz la no mix mateus e tem o da nubank, n dar certo drx kkkkkkkj",['Nubank'],"TucuruÃ­, Brasil","{'hashtags': [], 'urls': [], 'user_mentions': [{'screen_name': 'MarabaCarlos', 'name': 'Carlos Zduardo Maraba', 'id': 1192649393188589568, 'id_str': '1192649393188589568', 'indices': [0, 13]}], 'symbols': []}"
2021-05-04 13:17:01,A nubank so da limite alto pra quem n trabalha mesmo?,['Nubank'],None,"{'hashtags': [], 'urls': [], 'user_mentions': [], 'symbols': []}"
2021-05-04 13:17:01,"Entro no site da Nike Ã© pergunto,pq nÃ£o sou rico ğŸ¤¦â€â™‚ï¸ğŸ¤¯",['Nike'],"Acapulco de JuÃ¡rez, Guerrero","{'hashtags': [], 'urls': [], 'user_mentions': [{'screen_name': 'rhuancoutinho17', 'name': 'Coutinho ğŸ˜¼', 'id': 3079398399, 'id_str': '3079398399', 'indices': [3, 19]}], 'symbols': []}"
2021-05-04 13:17:03,alguÃ©m aqui usa o cartÃ£o picpay ou nubank?,['Nubank'],None,"{'hashtags': [], 'urls': [], 'user_mentions': [], 'symbols': []}"
