,created_at,tweet_content,keyword,user_location,entities
0,2021-05-10 15:20:00,@lekinhobala Vc disse que todos os seus manos estÃ£o de nike no pÃ© mas eu nÃ£o estou entÃ£o desculpa por quebrar a corrente de mano com nike,['Nike'],None,"{'hashtags': [], 'urls': [], 'user_mentions': [{'screen_name': 'lekinhobala', 'name': 'tegaboy #residentevilvillage', 'id': 1279985811698651136, 'id_str': '1279985811698651136', 'indices': [0, 12]}], 'symbols': []}"
1,2021-05-10 15:20:15,atualizei minha renda na nubank espero ganhar mais limite no meu cartÃ£o de crÃ©dito ğŸ˜‹,['Nubank'],"SÃ£o Paulo, Brasil","{'hashtags': [], 'urls': [], 'user_mentions': [], 'symbols': []}"
2,2021-05-10 15:20:24,"@SpfcFrustraca0 @OPedrinkkj Eu trocaria a chuteira, acho Adidas mtooo melhor e a bola, as da Nike sÃ£o fodas",['Nike'],None,"{'hashtags': [], 'urls': [], 'user_mentions': [{'screen_name': 'SpfcFrustraca0', 'name': 'SPFC DA FRUSTRAÃ‡ÃƒO', 'id': 1196902371600863232, 'id_str': '1196902371600863232', 'indices': [0, 15]}, {'screen_name': 'OPedrinkkj', 'name': 'PedroË¢áµ–á¶ á¶œğŸ¦ŠğŸ‡¾ğŸ‡ªğŸ§™\u200dâ™‚ï¸', 'id': 1355986957369827337, 'id_str': '1355986957369827337', 'indices': [16, 27]}], 'symbols': []}"
3,2021-05-10 15:20:29,@RodrigoBuenoTV A Nike SEMPRE teve uma pÃ©ssima linha criativa no desenho de seus fardamentos. FATO!,['Nike'],"SÃ£o Paulo, Brasil","{'hashtags': [], 'urls': [], 'user_mentions': [{'screen_name': 'RodrigoBuenoTV', 'name': 'Rodrigo Bueno', 'id': 45385616, 'id_str': '45385616', 'indices': [0, 15]}], 'symbols': []}"
4,2021-05-10 15:20:37,"@CEROLZERA IaÃª boquinha de Nike, suave meu cria?",['Nike'],Setor Norte,"{'hashtags': [], 'urls': [], 'user_mentions': [{'screen_name': 'CEROLZERA', 'name': 'Cerol', 'id': 1216971385777664005, 'id_str': '1216971385777664005', 'indices': [0, 10]}], 'symbols': []}"
5,2021-05-10 15:20:43,"o melhor da shein nÃ£o Ã© nem a roupa, Ã© o saquinho que vem a roupa dentro,dÃ¡ pra vocÃª usar pra vÃ¡rias coisas",['SHEIN'],None,"{'hashtags': [], 'urls': [], 'user_mentions': [], 'symbols': []}"
6,2021-05-10 15:20:49,@Gaabriel_Biiel Se eu for comprar tudo que tÃ¡ nos meus favoritos na Shein kkkkkkkkkkkk,['SHEIN'],"Batistini, SÃ£o Bernardo do Cam","{'hashtags': [], 'urls': [], 'user_mentions': [{'screen_name': 'Gaabriel_Biiel', 'name': 'G Barbosa', 'id': 139812182, 'id_str': '139812182', 'indices': [0, 15]}], 'symbols': []}"
7,2021-05-10 15:20:56,A shein deve andar a fazer mais dinheiro que a Nike a brincar,"['Nike', 'SHEIN']","Ilha de FranÃ§a, FranÃ§a","{'hashtags': [], 'urls': [], 'user_mentions': [], 'symbols': []}"
8,2021-05-10 15:21:05,@TikTokBrasil cadÃª meus 10 conto que mandei para o @nubank fazer favor nÃ©? 365 dias pra depositar Ã© osso.,['Nubank'],Natal,"{'hashtags': [], 'urls': [], 'user_mentions': [{'screen_name': 'TikTokBrasil', 'name': 'TikTok Brasil', 'id': 897168370742812672, 'id_str': '897168370742812672', 'indices': [0, 13]}, {'screen_name': 'nubank', 'name': 'Nubank', 'id': 2319390320, 'id_str': '2319390320', 'indices': [51, 58]}], 'symbols': []}"
9,2021-05-10 15:21:11,Mais um dia normal passando vontade no site da Nike,['Nike'],SÃ£o Paulo - Z/O,"{'hashtags': [], 'urls': [], 'user_mentions': [], 'symbols': []}"
10,2021-05-10 15:21:13,vsf o nike court vision Ã© idÃªntico ao air force 1,['Nike'],ÍÍ Í          ÍÍ Í,"{'hashtags': [], 'urls': [], 'user_mentions': [], 'symbols': []}"
11,2021-05-10 15:21:14,"Ressaca: ğŸ¤¢

Euuu: porra era so uma Coca cola estalando agora.ğŸ˜…",['Coca cola'],03/11/2020ğŸ’™ğŸ‘£,"{'hashtags': [], 'urls': [], 'user_mentions': [], 'symbols': []}"
12,2021-05-10 15:21:21,"@eumatheussr Nike pra roupa e tÃªnis, adidas para futebol",['Nike'],"Asuncion, Paraguay","{'hashtags': [], 'urls': [], 'user_mentions': [{'screen_name': 'eumatheussr', 'name': 'matheusâ˜”Ë¢á¶œá¶œáµ–', 'id': 1290707959845212160, 'id_str': '1290707959845212160', 'indices': [0, 12]}], 'symbols': []}"
13,2021-05-10 15:21:24,"Meu Deus do cÃ©u @nubank me deixa pagar meus boletos, meu amor. Sistema completamente lento e travado hoje.",['Nubank'],Rio de Janeiro,"{'hashtags': [], 'urls': [], 'user_mentions': [{'screen_name': 'nubank', 'name': 'Nubank', 'id': 2319390320, 'id_str': '2319390320', 'indices': [16, 23]}], 'symbols': []}"
14,2021-05-10 15:21:26,Diogo me trouxe na BoticÃ¡rio e comprou um perfumeeeeğŸ¥°ğŸ¥°ğŸ¥°ğŸ¥°,['BoticÃ¡rio'],Rio de Janeiro,"{'hashtags': [], 'urls': [], 'user_mentions': [], 'symbols': []}"
15,2021-05-10 15:21:30,"I eu q tava fazendo bico fiz uma compra de 170 conto na shein, e duas semanas depois fui dispensado ? ğŸ¤¡",['SHEIN'],011 Capital das Nota$,"{'hashtags': [], 'urls': [], 'user_mentions': [], 'symbols': []}"
16,2021-05-10 15:21:39,"@CEROLZERA eu ia comeÃ§ar a chorar, depois falaria: qual foi boquinha de nike, faz a boa e me contrata pro FX?",['Nike'],"MaranhÃ£o, Brasil","{'hashtags': [], 'urls': [], 'user_mentions': [{'screen_name': 'CEROLZERA', 'name': 'Cerol', 'id': 1216971385777664005, 'id_str': '1216971385777664005', 'indices': [0, 10]}], 'symbols': []}"
17,2021-05-10 15:21:43,"@CocaCola_Br coca cola Brasil to triste na minha cidade n tem restaurantes participantes

me manda mimos",['Coca cola'],"TrÃªs Lagoas, Brasil","{'hashtags': [], 'urls': [], 'user_mentions': [{'screen_name': 'CocaCola_Br', 'name': 'Coca-Cola Brasil', 'id': 255537739, 'id_str': '255537739', 'indices': [0, 12]}], 'symbols': []}"
18,2021-05-10 15:21:48,amo a opÃ§Ã£o guardar dinheiro da nubank porque a existÃªncia dele Ã© simplesmente apagada da minha memÃ³ria,['Nubank'],"Natal, Brasil","{'hashtags': [], 'urls': [], 'user_mentions': [], 'symbols': []}"
19,2021-05-10 15:21:52,8. Qual a marca do seu celular?,[],ğŸ³â˜€,"{'hashtags': [{'text': 'BTSARMY', 'indices': [19, 27]}, {'text': 'BestFanArmy', 'indices': [44, 56]}, {'text': 'iHeartAwards', 'indices': [60, 73]}], 'urls': [], 'user_mentions': [{'screen_name': 'BTS_twt', 'name': 'ë°©íƒ„ì†Œë…„ë‹¨', 'id': 335141638, 'id_str': '335141638', 'indices': [30, 38]}], 'symbols': []}"
20,2021-05-10 15:22:07,@felipevinha @nubank Minha mÃ£e tbm n ta conseguindo,['Nubank'],"Rio de Janeiro, Brasil","{'hashtags': [], 'urls': [], 'user_mentions': [{'screen_name': 'felipevinha', 'name': 'Vinha', 'id': 15201438, 'id_str': '15201438', 'indices': [0, 12]}, {'screen_name': 'nubank', 'name': 'Nubank', 'id': 2319390320, 'id_str': '2319390320', 'indices': [13, 20]}], 'symbols': []}"
21,2021-05-10 15:22:17,"Minhas coisas da Shein saÃ­ram pra entrega hoje, Deus Ã© pai e nÃ£o Ã© padrasto",['SHEIN'],Me chamou de hopi Hari,"{'hashtags': [], 'urls': [], 'user_mentions': [], 'symbols': []}"
22,2021-05-10 15:22:19,Nike Ã© melhor que adidas.,['Nike'],65,"{'hashtags': [], 'urls': [], 'user_mentions': [], 'symbols': []}"
23,2021-05-10 15:22:19,@nubank Vou tentar outra vez!,['Nubank'],"BrasÃ­lia, Brasil","{'hashtags': [], 'urls': [], 'user_mentions': [{'screen_name': 'nubank', 'name': 'Nubank', 'id': 2319390320, 'id_str': '2319390320', 'indices': [0, 7]}], 'symbols': []}"
24,2021-05-10 15:22:21,Muita Nike ti ğŸ˜‚â¤,['Nike'],None,"{'hashtags': [], 'urls': [], 'user_mentions': [], 'symbols': []}"
25,2021-05-10 15:22:27,@FatosEx Uma coca cola,['Coca cola'],"SÃ£o Paulo, Brasil","{'hashtags': [], 'urls': [], 'user_mentions': [{'screen_name': 'FatosEx', 'name': 'fatos ex', 'id': 2542348724, 'id_str': '2542348724', 'indices': [0, 8]}], 'symbols': []}"
26,2021-05-10 15:22:28,"literalmente todo mundo da empresa sai pra fumar e eu saio pra comprar o halls e a coca cola kkkkkkk, vÃ­cio do caralho",['Coca cola'],None,"{'hashtags': [], 'urls': [], 'user_mentions': [], 'symbols': []}"
27,2021-05-10 15:22:41,@decchanamite á¶œá¶¦â¿â¿áµƒ serio uma fabrica de ideias geniais coca cola devia me contratar,['Coca cola'],equestria,"{'hashtags': [], 'urls': [], 'user_mentions': [{'screen_name': 'decchanamite', 'name': 'cinna â›©ï¸ğŸº', 'id': 1162151229017006082, 'id_str': '1162151229017006082', 'indices': [0, 13]}], 'symbols': []}"
28,2021-05-10 15:22:42,@MussumAlive SHEIN... shein dinheiro pra gastar com roupa.ğŸ˜‚ğŸ˜‚ğŸ˜‚ğŸ¤¦ğŸ½â€â™€ï¸,['SHEIN'],"Guarulhos, Brasil","{'hashtags': [], 'urls': [], 'user_mentions': [{'screen_name': 'MussumAlive', 'name': 'Leandro Santos | Mussum Alive', 'id': 20771988, 'id_str': '20771988', 'indices': [0, 12]}], 'symbols': []}"
29,2021-05-10 15:22:43,"se espremer o universitÃ¡rio no final do semestre sai um caldo preto que Ã© uma mistura de cafÃ©, coca cola e Ã³dio",['Coca cola'],"Manaus, Brasil","{'hashtags': [], 'urls': [], 'user_mentions': [], 'symbols': []}"
30,2021-05-10 15:22:44,"O site da Shein eh tÃ£o bom de navegar, adoro que ele fica sugerindo peÃ§as parecidas com a que vc tÃ¡ procurando. Passo horas sÃ³ olhando. Parece que to no shopping ğŸ˜‚",['SHEIN'],"AnÃ¡polis, Brasil","{'hashtags': [], 'urls': [], 'user_mentions': [{'screen_name': 'ricademarre', 'name': 'Gabriela Sales', 'id': 150605888, 'id_str': '150605888', 'indices': [3, 15]}], 'symbols': []}"
31,2021-05-10 15:22:45,@RodrigoBuenoTV sdds do meu time sendo patrocinado pela Nike,['Nike'],021,"{'hashtags': [], 'urls': [], 'user_mentions': [{'screen_name': 'RodrigoBuenoTV', 'name': 'Rodrigo Bueno', 'id': 45385616, 'id_str': '45385616', 'indices': [0, 15]}], 'symbols': []}"
32,2021-05-10 15:22:45,"@felipevinha @nubank Por isso eu uso Mercado Pago 
Melhor e sem problemas 
Acabei de pagar dois boletos kkkkkk.
E nem Ã© publi ğŸ¤£ğŸ¤£ğŸ¤£ğŸ¤£",['Nubank'],"Rio de Janeiro, Brasil","{'hashtags': [], 'urls': [], 'user_mentions': [{'screen_name': 'felipevinha', 'name': 'Vinha', 'id': 15201438, 'id_str': '15201438', 'indices': [0, 12]}, {'screen_name': 'nubank', 'name': 'Nubank', 'id': 2319390320, 'id_str': '2319390320', 'indices': [13, 20]}], 'symbols': []}"
33,2021-05-10 15:22:48,"todo trajadin, a camisa da nike e o cabelo disfarÃ§adin ğŸ’ƒğŸ¼ğŸ¶",['Nike'],cf ,"{'hashtags': [], 'urls': [], 'user_mentions': [], 'symbols': []}"
34,2021-05-10 15:22:50,"Eu vendo review de xiaomi atÃ© que:

â­â­â­â­â­
Muito bom esse celula rodou lisinho free fire

Eh sobre isso....",['Xiaomi'],"bh, texas","{'hashtags': [], 'urls': [], 'user_mentions': [{'screen_name': 'killisabella', 'name': 'Bella', 'id': 822268595187093505, 'id_str': '822268595187093505', 'indices': [3, 16]}], 'symbols': []}"
35,2021-05-10 15:23:00,"@titannlol1 A tmncu, fight indo bem, TT olha pro time inimigo vÃª um boot da Nike e se joga",['Nike'],None,"{'hashtags': [], 'urls': [], 'user_mentions': [{'screen_name': 'titannlol1', 'name': 'Alexandre Lima', 'id': 2620241166, 'id_str': '2620241166', 'indices': [0, 11]}], 'symbols': []}"
36,2021-05-10 15:23:00,"Tnh smp encomendas da shein para chegar, chegaram estou a mandar vir outras.
Aquilo Ã© um mundo ğŸ˜©",['SHEIN'],Ig:miiryaaaaam,"{'hashtags': [], 'urls': [], 'user_mentions': [], 'symbols': []}"
37,2021-05-10 15:23:08,Era sÃ³ um vale compras de 5 mil na Nike,['Nike'],021RJ,"{'hashtags': [], 'urls': [], 'user_mentions': [], 'symbols': []}"
38,2021-05-10 15:23:14,"fiz minha primeira compra na shein, tÃ´ mt ansiosa",['SHEIN'],None,"{'hashtags': [], 'urls': [], 'user_mentions': [], 'symbols': []}"
39,2021-05-10 15:23:16,@Alfredobrincad1 @marcoslonguini @RodrigoBuenoTV @adidasbrasil @underarmourbr @pumabrasil @Nike Nisso eu concordo.,['Nike'],CorinthianÃ³polis,"{'hashtags': [], 'urls': [], 'user_mentions': [{'screen_name': 'Alfredobrincad1', 'name': 'Alfredo felipe', 'id': 1369454908274057218, 'id_str': '1369454908274057218', 'indices': [0, 16]}, {'screen_name': 'marcoslonguini', 'name': 'Z.', 'id': 1134073321308508160, 'id_str': '1134073321308508160', 'indices': [17, 32]}, {'screen_name': 'RodrigoBuenoTV', 'name': 'Rodrigo Bueno', 'id': 45385616, 'id_str': '45385616', 'indices': [33, 48]}, {'screen_name': 'adidasbrasil', 'name': 'adidasbrasil', 'id': 42894971, 'id_str': '42894971', 'indices': [49, 62]}, {'screen_name': 'underarmourbr', 'name': 'Under Armour Brasil', 'id': 2327577853, 'id_str': '2327577853', 'indices': [63, 77]}, {'screen_name': 'pumabrasil', 'name': 'pumabrasil', 'id': 281551749, 'id_str': '281551749', 'indices': [78, 89]}, {'screen_name': 'Nike', 'name': 'Nike', 'id': 415859364, 'id_str': '415859364', 'indices': [90, 95]}], 'symbols': []}"
40,2021-05-10 15:23:19,minha blusinha da shein chegou to feliz,['SHEIN'],ğŸ³ï¸â€ğŸŒˆâƒ¤,"{'hashtags': [], 'urls': [], 'user_mentions': [], 'symbols': []}"
41,2021-05-10 15:23:24,@magalzaoshow Muita Coca-Cola. Experimenta uma Pepsi vez e qnd. (Estou me referindo ao refrigerante).,['Coca-cola'],Infelizmente,"{'hashtags': [], 'urls': [], 'user_mentions': [{'screen_name': 'magalzaoshow', 'name': 'Magal', 'id': 33517656, 'id_str': '33517656', 'indices': [0, 13]}], 'symbols': []}"
42,2021-05-10 15:23:36,Nubank perdeu a noÃ§Ã£o me dando limite alto no crÃ©dito kkkkkkkkkkkkkkk,['Nubank'],"TaubatÃ©, Brasil","{'hashtags': [], 'urls': [], 'user_mentions': [], 'symbols': []}"
43,2021-05-10 15:23:37,se n tomqr coca cola 1 vez no dia eu viro bixo,['Coca cola'],None,"{'hashtags': [], 'urls': [], 'user_mentions': [], 'symbols': []}"
44,2021-05-10 15:23:38,"Ressaca: ğŸ¤¢

Euuu: porra era so uma Coca cola bem gelada agr ğŸ˜…",['Coca cola'],SÃ£o GonÃ§alo Salgueiro,"{'hashtags': [], 'urls': [], 'user_mentions': [], 'symbols': []}"
45,2021-05-10 15:23:38,eu entendi isso ksksksskkskszksk enfim a era otaku vindo,[],None,"{'hashtags': [], 'urls': [], 'user_mentions': [{'screen_name': 'doidine_', 'name': 'áµˆá¶¦â¿áµ‰', 'id': 1486301360, 'id_str': '1486301360', 'indices': [3, 12]}], 'symbols': []}"
46,2021-05-10 15:23:53,Hoje meu APP da Nubank tÃ¡ testando minha paciÃªncia em,['Nubank'],"Guararapes, interior de SP","{'hashtags': [], 'urls': [], 'user_mentions': [], 'symbols': []}"
47,2021-05-10 15:24:21,chego notificacao do nubank achei q era eu recebendo mas nem isso,['Nubank'],horror spunk â€”â€“Â· ela/dela,"{'hashtags': [], 'urls': [], 'user_mentions': [], 'symbols': []}"
48,2021-05-10 15:24:22,se essa calÃ§a da shein for muito justa minha bunda vai ficar muito grande,['SHEIN'],ê·€í•˜ì˜ ì§€ì—­ì— ë¸”ë™ í•‘í¬,"{'hashtags': [], 'urls': [], 'user_mentions': [], 'symbols': []}"
50,2021-05-10 15:24:32,"nubank me tratando como se eu fosse burra, aiaia",['Nubank'],None,"{'hashtags': [], 'urls': [], 'user_mentions': [], 'symbols': []}"
51,2021-05-10 15:24:33,"@RodrigoBuenoTV Caralho.. gosto tanto das chuteiras da nike, estÃ£o me preocupando ğŸ˜”",['Nike'],"Rio de Janeiro, Brasil","{'hashtags': [], 'urls': [], 'user_mentions': [{'screen_name': 'RodrigoBuenoTV', 'name': 'Rodrigo Bueno', 'id': 45385616, 'id_str': '45385616', 'indices': [0, 15]}], 'symbols': []}"
53,2021-05-10 15:24:38,@pitangaOp Eu uso o nubank,['Nubank'],"Rio de Janeiro, Brasil","{'hashtags': [], 'urls': [], 'user_mentions': [{'screen_name': 'pitangaOp', 'name': 'AFRORED', 'id': 3152804963, 'id_str': '3152804963', 'indices': [0, 10]}], 'symbols': []}"
54,2021-05-10 15:24:42,SerÃ¡ que Ã© sÃ³ eu que morro de medo de comprar na SHEIN e vim tudo no tamanho errado? ğŸ˜‚,['SHEIN'],ğŸ‡ºğŸ‡²ğŸ‡§ğŸ‡·TRIBUTO INICIAL: 80,"{'hashtags': [], 'urls': [], 'user_mentions': [], 'symbols': []}"
55,2021-05-10 15:24:49,Mais uma vez enganada com o tecido das roupas da sheinğŸ¤¡,['SHEIN'],Lagoa santa MG,"{'hashtags': [], 'urls': [], 'user_mentions': [], 'symbols': []}"
56,2021-05-10 15:24:50,"""nike ou adidas?""

seios",['Nike'],"Bahia, Brasil","{'hashtags': [], 'urls': [], 'user_mentions': [{'screen_name': 'travisdisse', 'name': 'TRAVIS SCOTT', 'id': 1349060856445853697, 'id_str': '1349060856445853697', 'indices': [3, 15]}], 'symbols': []}"
57,2021-05-10 15:24:58,"@MussumAlive TÃ¡ doido, entrei nessa Shein, que preÃ§os absurdos.. kkk",['SHEIN'],None,"{'hashtags': [], 'urls': [], 'user_mentions': [{'screen_name': 'MussumAlive', 'name': 'Leandro Santos | Mussum Alive', 'id': 20771988, 'id_str': '20771988', 'indices': [0, 12]}], 'symbols': []}"
58,2021-05-10 15:25:14,"@brendabremm Vi uma vez q a SHEIN reembolsava 
Da uma pesquisada",['SHEIN'],"Toledo, Brasil","{'hashtags': [], 'urls': [], 'user_mentions': [{'screen_name': 'brendabremm', 'name': 'be', 'id': 1029767502467923969, 'id_str': '1029767502467923969', 'indices': [0, 12]}], 'symbols': []}"
59,2021-05-10 15:25:17,"Meu app da Nubank ta com um bug estranho na hora de pagar boletos, eu em",['Nubank'],Narnia,"{'hashtags': [], 'urls': [], 'user_mentions': [], 'symbols': []}"
60,2021-05-10 15:25:20,Eu sÃ³ queria entender pq a nubank nÃ£o aumenta meu limite do cartÃ£o kkkk,['Nubank'],ZN,"{'hashtags': [], 'urls': [], 'user_mentions': [], 'symbols': []}"
61,2021-05-10 15:25:21,Eu te amo coca cola de cafÃ© eu te amo,['Coca cola'],"Vila Velha, Brasil","{'hashtags': [], 'urls': [], 'user_mentions': [], 'symbols': []}"
62,2021-05-10 15:25:22,@AguiarKallil @marcoslonguini @RodrigoBuenoTV @adidasbrasil @underarmourbr @pumabrasil @Nike Pq nÃ£o tem opÃ§Ã£o.,['Nike'],CorinthianÃ³polis,"{'hashtags': [], 'urls': [], 'user_mentions': [{'screen_name': 'AguiarKallil', 'name': 'KALLIL AGUIAR ğŸ¤ ğŸšœ', 'id': 1287523616394027010, 'id_str': '1287523616394027010', 'indices': [0, 13]}, {'screen_name': 'marcoslonguini', 'name': 'Z.', 'id': 1134073321308508160, 'id_str': '1134073321308508160', 'indices': [14, 29]}, {'screen_name': 'RodrigoBuenoTV', 'name': 'Rodrigo Bueno', 'id': 45385616, 'id_str': '45385616', 'indices': [30, 45]}, {'screen_name': 'adidasbrasil', 'name': 'adidasbrasil', 'id': 42894971, 'id_str': '42894971', 'indices': [46, 59]}, {'screen_name': 'underarmourbr', 'name': 'Under Armour Brasil', 'id': 2327577853, 'id_str': '2327577853', 'indices': [60, 74]}, {'screen_name': 'pumabrasil', 'name': 'pumabrasil', 'id': 281551749, 'id_str': '281551749', 'indices': [75, 86]}, {'screen_name': 'Nike', 'name': 'Nike', 'id': 415859364, 'id_str': '415859364', 'indices': [87, 92]}], 'symbols': []}"
65,2021-05-10 15:25:55,Sou muito viciada em Coca cola ğŸ˜¥,['Coca cola'],Rio de Janeiro,"{'hashtags': [], 'urls': [], 'user_mentions': [], 'symbols': []}"
68,2021-05-10 15:26:11,"Agm faz um pix para mim de 370,44 para pagar meu carrinho na SHEIN",['SHEIN'],"Rio de Janeiro, Brasil","{'hashtags': [], 'urls': [], 'user_mentions': [], 'symbols': []}"
69,2021-05-10 15:26:27,minhas compras da shein nao chegaram ainda eu vou chorar,['SHEIN'],"CaÃ§apava, Brasil","{'hashtags': [], 'urls': [], 'user_mentions': [], 'symbols': []}"
70,2021-05-10 15:26:47,"@raissahr Amiga, nubank Ã© o meu atual, mas tÃ´ precisando de um com limite maior",['Nubank'],"Rio de Janeiro, Brasil","{'hashtags': [], 'urls': [], 'user_mentions': [{'screen_name': 'raissahr', 'name': 'Roteirista premiada no Raiverso', 'id': 1329129798086631432, 'id_str': '1329129798086631432', 'indices': [0, 9]}], 'symbols': []}"
71,2021-05-10 15:26:49,"Nao sei quem ta mais cansada de ficar alterando a senha porque esqueci, eu ou o nubank",['Nubank'],Hogwarts,"{'hashtags': [], 'urls': [], 'user_mentions': [], 'symbols': []}"
72,2021-05-10 15:27:16,@cartomaniacosfc Nike nunca se demonstrou interessada em entrar em territÃ³rio sul-americano,['Nike'],NiterÃ³i,"{'hashtags': [], 'urls': [], 'user_mentions': [{'screen_name': 'cartomaniacosfc', 'name': 'Cartomaniacos FC', 'id': 1151188151479787520, 'id_str': '1151188151479787520', 'indices': [0, 16]}], 'symbols': []}"
73,2021-05-10 15:27:16,Nike Shox merece mais respeito,['Nike'],"SÃ£o Paulo, Brasil","{'hashtags': [], 'urls': [], 'user_mentions': [], 'symbols': []}"
74,2021-05-10 15:27:21,minha comprinhas da shein chegaramğŸ¥º,['SHEIN'],"Lagoa da Prata, Brasil","{'hashtags': [], 'urls': [], 'user_mentions': [], 'symbols': []}"
75,2021-05-10 15:27:25,@runicbtw @blazerkkj acho q depende prefiro casaco?moletom e as bolas da adidas fora isso nike e mlr,['Nike'],None,"{'hashtags': [], 'urls': [], 'user_mentions': [{'screen_name': 'runicbtw', 'name': 'runic', 'id': 1307019401141649409, 'id_str': '1307019401141649409', 'indices': [0, 9]}, {'screen_name': 'blazerkkj', 'name': 'blazer', 'id': 1217083485434925056, 'id_str': '1217083485434925056', 'indices': [10, 20]}], 'symbols': []}"
76,2021-05-10 15:27:26,"gente o jacob comeu meu nike..........

tudo bem que era falso mas era o tÃªnis q mais combinava c minhas roupas",['Nike'],"BalneÃ¡rio CamboriÃº, Brasil","{'hashtags': [], 'urls': [], 'user_mentions': [], 'symbols': []}"
77,2021-05-10 15:27:34,@Domingo3609 @escolanosense eles nn entendem a geraÃ§Ã£o coca-cola âœŠğŸ»âœŠğŸ»âœŠğŸ»âœŠğŸ»,['Coca-cola'],"Hawkins, Indiana","{'hashtags': [], 'urls': [], 'user_mentions': [{'screen_name': 'Domingo3609', 'name': 'JoÃ£o', 'id': 1097897626287124481, 'id_str': '1097897626287124481', 'indices': [0, 12]}, {'screen_name': 'escolanosense', 'name': 'Coisas que sÃ³ acontecem na escola brasileira', 'id': 1293674715773640704, 'id_str': '1293674715773640704', 'indices': [13, 27]}], 'symbols': []}"
79,2021-05-10 15:27:40,sÃ³ queria um cupom de frete grÃ¡tis da shein,['SHEIN'],rio de janeiro ,"{'hashtags': [], 'urls': [], 'user_mentions': [{'screen_name': 'aleribxx', 'name': 'ğ–‘ğ–Šğ–‘ğ–Š', 'id': 845727702372012032, 'id_str': '845727702372012032', 'indices': [3, 12]}], 'symbols': []}"
80,2021-05-10 15:27:54,porque na minha time line ta cheio de anuncio da shein se eu sou pobre e nao vou poder comprar?,['SHEIN'],None,"{'hashtags': [], 'urls': [], 'user_mentions': [], 'symbols': []}"
81,2021-05-10 15:27:55,"@CEROLZERA primeiramente ficaria em choque, logo em seguida falaria ""eaeew boquinha de nike""",['Nike'],"Paris, France","{'hashtags': [], 'urls': [], 'user_mentions': [{'screen_name': 'CEROLZERA', 'name': 'Cerol', 'id': 1216971385777664005, 'id_str': '1216971385777664005', 'indices': [0, 10]}], 'symbols': []}"
82,2021-05-10 15:28:15,mamo quem usar meu cÃ³digo do kwai ou do tiktok   pois quero comprar roupa na shein  pfvr ajudem essa pobre mulher,['SHEIN'],entj ,"{'hashtags': [], 'urls': [], 'user_mentions': [], 'symbols': []}"
83,2021-05-10 15:28:17,Amo que meu primeiro lÃ­quido do dia foi Coca Cola e logo em seguida tomo minhas vitaminas e me sinto super saudÃ¡vel,['Coca cola'],None,"{'hashtags': [], 'urls': [], 'user_mentions': [], 'symbols': []}"
84,2021-05-10 15:28:30,adicionando biquÃ­nis no carrinho da shein como se houvesse esperanÃ§as de ir Ã  praia e eu tivesse dinheiro,['SHEIN'],"Fortaleza, CE","{'hashtags': [], 'urls': [], 'user_mentions': [], 'symbols': []}"
85,2021-05-10 15:28:50,O povo aqui pensa que Ã© brincadeira eu fico sedenta e gente na moral faz uns 4 dias que nÃ£o tomo ou atÃ© mais e nem comer consigo ğŸ˜” mas Ã© pro meu bem nÃ£o Ã© bom tÃ¡ tomando 3L de coca por dia igual eu tava,[],None,"{'hashtags': [], 'urls': [], 'user_mentions': [{'screen_name': 'pocahontasborel', 'name': 'pocahontas do borel ğŸ‡¾ğŸ‡ª', 'id': 814262977, 'id_str': '814262977', 'indices': [3, 19]}], 'symbols': []}"
86,2021-05-10 15:28:54,tÃ´ tÃ£o feliz quanto a bia por ela ter achado a camiseta da nike q compramos para usar juntas kkkkkkkkk,['Nike'],"SÃ£o Paulo, Brasil","{'hashtags': [], 'urls': [], 'user_mentions': [], 'symbols': []}"
87,2021-05-10 15:28:56,@fogaonet estamos falando de mentiras? e eu sou a reencarnaÃ§Ã£o do Garrincha ruim de bola e q bebe coca cola em vez de cachaÃ§a,['Coca cola'],None,"{'hashtags': [], 'urls': [], 'user_mentions': [{'screen_name': 'fogaonet', 'name': 'FogÃ£oNET â˜…å½¡', 'id': 27721057, 'id_str': '27721057', 'indices': [0, 9]}], 'symbols': []}"
88,2021-05-10 15:29:06,Pode ser o pretinho mais feio do mundo mas usando aquela Nike ou Aquela camisa da Lacoste deixa o cara mais elecante ğŸ˜,['Nike'],None,"{'hashtags': [], 'urls': [], 'user_mentions': [], 'symbols': []}"
90,2021-05-10 15:29:24,Blusa da Adidas e mochila da Nike ğŸ¤¦ğŸ»â€â™€ï¸ğŸ¤£ğŸ¤£ğŸ¤£,['Nike'],Completo da serrinha ,"{'hashtags': [], 'urls': [], 'user_mentions': [], 'symbols': []}"
91,2021-05-10 15:29:25,@maluzenhx nike bolha e 12 mola &gt; qualquer tenis,['Nike'],None,"{'hashtags': [], 'urls': [], 'user_mentions': [{'screen_name': 'maluzenhx', 'name': 'maluzita â˜½â˜¾', 'id': 1175402939244003329, 'id_str': '1175402939244003329', 'indices': [0, 10]}], 'symbols': []}"
92,2021-05-10 15:29:39,finalmente aprovado na nubank e o limite inicial nÃ£o foi 50 reais ğŸ¥³,['Nubank'],"Serra, Brasil","{'hashtags': [], 'urls': [], 'user_mentions': [], 'symbols': []}"
93,2021-05-10 15:29:49,ok deus me tira do site da shopee e da shein pf,['SHEIN'],"Ouro Fino, Brasil","{'hashtags': [], 'urls': [], 'user_mentions': [], 'symbols': []}"
94,2021-05-10 15:29:52,@nubank Obrigada ğŸ’œğŸ’œğŸ’œ,['Nubank'], ,"{'hashtags': [], 'urls': [], 'user_mentions': [{'screen_name': 'nubank', 'name': 'Nubank', 'id': 2319390320, 'id_str': '2319390320', 'indices': [0, 7]}], 'symbols': []}"
95,2021-05-10 15:30:01,"- â€œNike 12 mola Ã© feioâ€ 
por: Vans, usuÃ¡rio. Ã“leo sobre tela. 2021",['Nike'],"JacarÃ©, serra ","{'hashtags': [], 'urls': [], 'user_mentions': [{'screen_name': 'PedroSeschini', 'name': 'ğ–•ğ–Šğ–‰ğ–—ğ–”ğ–˜ğ–Šğ–˜ğ–ˆğ–ğ–ğ–“ğ– ğŸ©¸ğŸ‰', 'id': 4013112622, 'id_str': '4013112622', 'indices': [3, 17]}], 'symbols': []}"
96,2021-05-10 15:30:05,@nubank por favor aumenta meu crÃ©dito que quero colocar preenchimento,['Nubank'],None,"{'hashtags': [], 'urls': [], 'user_mentions': [{'screen_name': 'nubank', 'name': 'Nubank', 'id': 2319390320, 'id_str': '2319390320', 'indices': [0, 7]}], 'symbols': []}"
97,2021-05-10 15:30:18,"Eu desÃ§o no andar da new balance todo de Nike pra falar com os cara, devem ficar bravo kkkk",['Nike'],None,"{'hashtags': [], 'urls': [], 'user_mentions': [], 'symbols': []}"
99,2021-05-10 15:30:26,"@jung_dede VÃª no mercado livre. Eu comprei lÃ¡. Mas encontrei lojas na cidade q sÃ³ vendia xiaomi tambÃ©m, os dois saiam na msm c frete",['Xiaomi'],borderland,"{'hashtags': [], 'urls': [], 'user_mentions': [{'screen_name': 'jung_dede', 'name': 'Deza a sobrevivente', 'id': 1176417595098107905, 'id_str': '1176417595098107905', 'indices': [0, 10]}], 'symbols': []}"
100,2021-05-10 15:30:45,meu deus como nubank Ã© horrÃ­vel pra pagar boleto pqp que demora e ainda da erro toda hora,['Nubank'],"SÃ£o Paulo, Brasil","{'hashtags': [], 'urls': [], 'user_mentions': [], 'symbols': []}"
101,2021-05-10 15:30:45,"CARALHO
fui abrir o app da nubank pra ver uma parada e descobri que meu padrasto me fez um pix de 100 conto
ta maluco hoje n tem pputa pobre",['Nubank'],"MacapÃ¡, Brasil","{'hashtags': [], 'urls': [], 'user_mentions': [], 'symbols': []}"
102,2021-05-10 15:31:11,"A nubank aumentou meu limite pra 2k, obrigado porÃ©m ainda nÃ£o posso gastar pois estou desempregado ainda.",['Nubank'],"Belo Horizonte , Brasil","{'hashtags': [], 'urls': [], 'user_mentions': [], 'symbols': []}"
104,2021-05-10 15:31:25,"@RodrigoBuenoTV a muito tempo que a nike abandonou os clubes da america ja e tao focando sÃ³ nos ""grandes"" da europa, tipo psg ou barcelona",['Nike'],crf,"{'hashtags': [], 'urls': [], 'user_mentions': [{'screen_name': 'RodrigoBuenoTV', 'name': 'Rodrigo Bueno', 'id': 45385616, 'id_str': '45385616', 'indices': [0, 15]}], 'symbols': []}"
105,2021-05-10 15:31:28,Nike tÃ¡ roubando meu dinheiro todo,['Nike'],None,"{'hashtags': [], 'urls': [], 'user_mentions': [{'screen_name': 'lucksdelux', 'name': 'Luckzera', 'id': 1178389664039919617, 'id_str': '1178389664039919617', 'indices': [3, 14]}], 'symbols': []}"
106,2021-05-10 15:31:34,Eu preciso acabar com um vicio chamado: coca cola,['Coca cola'],"Rio de Janeiro, Brasil","{'hashtags': [], 'urls': [], 'user_mentions': [], 'symbols': []}"
107,2021-05-10 15:31:35,@hfcoradini Assim como Coca Cola?,['Coca cola'],"Minas Gerais, Brasil","{'hashtags': [], 'urls': [], 'user_mentions': [{'screen_name': 'hfcoradini', 'name': 'Nacho', 'id': 1081227367803248641, 'id_str': '1081227367803248641', 'indices': [0, 11]}], 'symbols': []}"
108,2021-05-10 15:32:02,Fiz umas compras no site SHEIN E SHOPEE kkk ğŸ˜… espero que chegue ğŸ˜ğŸ˜,['SHEIN'],Ã” juliana,"{'hashtags': [], 'urls': [], 'user_mentions': [], 'symbols': []}"
110,2021-05-10 15:32:09,"tomando cafÃ© da manhÃ£ da melhor forma, pizza dormida e coca cola",['Coca cola'],None,"{'hashtags': [], 'urls': [], 'user_mentions': [], 'symbols': []}"
111,2021-05-10 15:32:10,"quero um de fÃ© pra julgar as coisas selecionadas na minha sacola de compras na shein, por favor",['SHEIN'],"Umuarama, Brasil","{'hashtags': [], 'urls': [], 'user_mentions': [], 'symbols': []}"
113,2021-05-10 15:32:13,"Eu fazendo a sacola da shein: ğŸ¥°ğŸ˜ğŸ¤©ğŸ˜˜ğŸ˜›ğŸ˜œğŸ¥°
Eu lembrando que nÃ£o tenho dinheiro: ğŸ˜ªğŸ˜³ğŸ˜­ğŸ˜±ğŸ˜”ğŸ¤§",['SHEIN'],"Pelotas, Brasil","{'hashtags': [], 'urls': [], 'user_mentions': [], 'symbols': []}"
114,2021-05-10 15:32:13,Eu tenho um repÃºdio a homem que se acha a Ãºltima coca cola do deserto. ğŸ¤¢,['Coca cola'],"ParaÃ­ba, Brasil","{'hashtags': [], 'urls': [], 'user_mentions': [{'screen_name': 'JordannaFb', 'name': 'Docinho', 'id': 741473326783205377, 'id_str': '741473326783205377', 'indices': [3, 14]}], 'symbols': []}"
115,2021-05-10 15:32:17,@Fernandalves25 Eu nem toquei no meu esse mÃªs ğŸ˜­ğŸ˜­ğŸ˜­ğŸ˜­ sÃ³ queria poder gastar meu salÃ¡rio todo em roupa na shein,['SHEIN'],"MaringÃ¡, Brasil","{'hashtags': [], 'urls': [], 'user_mentions': [{'screen_name': 'Fernandalves25', 'name': 'fer', 'id': 1035733104982409216, 'id_str': '1035733104982409216', 'indices': [0, 15]}], 'symbols': []}"
116,2021-05-10 15:32:43,quando minhas coisa da shein chegar qm sera eu vo flooda de foto,['SHEIN'],"i just wanna go back ì‚¬ë‘ë„ ì•„í””ë„ ëª¨ I wanna kill myself, i wanna kill myself ë‚´ê°€ ë” ë§ê°€ì§€ê¸° ì „.","{'hashtags': [], 'urls': [], 'user_mentions': [], 'symbols': []}"
117,2021-05-10 15:32:57,@futebol_info @GALOMETALDiret @AtaqueMarketing Nike perdeu forÃ§a pra caralho,['Nike'],None,"{'hashtags': [], 'urls': [], 'user_mentions': [{'screen_name': 'futebol_info', 'name': 'Planeta do Futebol ğŸŒ', 'id': 193500696, 'id_str': '193500696', 'indices': [0, 13]}, {'screen_name': 'GALOMETALDiret', 'name': 'GALO METAL ğŸ˜·', 'id': 424144615, 'id_str': '424144615', 'indices': [14, 29]}, {'screen_name': 'AtaqueMarketing', 'name': 'Ataque Marketing Esportivo', 'id': 121522082, 'id_str': '121522082', 'indices': [30, 46]}], 'symbols': []}"
118,2021-05-10 15:32:57,shein shoppe e amazon sÃ£o areas extremamente perigosas pra mim,['SHEIN'],062,"{'hashtags': [], 'urls': [], 'user_mentions': [], 'symbols': []}"
119,2021-05-10 15:33:20,@Brendinhakonig Hoje eu prefiro Nike mas Ã© fase,['Nike'],"SÃ£o Paulo, Brasil","{'hashtags': [], 'urls': [], 'user_mentions': [{'screen_name': 'Brendinhakonig', 'name': 'Brendinha', 'id': 1274867376119590916, 'id_str': '1274867376119590916', 'indices': [0, 15]}], 'symbols': []}"
120,2021-05-10 15:33:20,@nubank paguei a fatura do mÃªs e ainda adiantei a do prÃ³ximo e vocÃªs nem pra aumentar meu limite? por favor nunca pedi nada,['Nubank'],"Porto Alegre, Brasil","{'hashtags': [], 'urls': [], 'user_mentions': [{'screen_name': 'nubank', 'name': 'Nubank', 'id': 2319390320, 'id_str': '2319390320', 'indices': [0, 7]}], 'symbols': []}"
121,2021-05-10 15:33:25,AlguÃ©m com problema pra pagar boleto no nubank? O negÃ³cio nÃ£o conclui,['Nubank'],None,"{'hashtags': [], 'urls': [], 'user_mentions': [], 'symbols': []}"
123,2021-05-10 15:33:37,"chegou uma encomenda aqui em casa,eu tava mÃ³ feliz achando q era minhas roupas da shein,mas nemm",['SHEIN'],sina is too famous for me,"{'hashtags': [], 'urls': [], 'user_mentions': [], 'symbols': []}"
124,2021-05-10 15:33:40,"Nossa morro de vontade de comprar aqueles pijaminhas de ryca na Shein, quero dormir chique haha",['SHEIN'],None,"{'hashtags': [], 'urls': [], 'user_mentions': [], 'symbols': []}"
125,2021-05-10 15:33:51,"rapaz, fiz um pedido na nike sexta, e o tÃªnis chegou hoje, slk",['Nike'],"VitÃ³ria da Conquista, Brasil","{'hashtags': [], 'urls': [], 'user_mentions': [], 'symbols': []}"
126,2021-05-10 15:34:00,"simbolo da nike parece um ""C"" olha pra mim e fala se nao combina",['Nike'],"Imbituba, Brasil","{'hashtags': [], 'urls': [], 'user_mentions': [{'screen_name': 'augustiinpedro', 'name': 'Ğ¬ Ğ¢ K', 'id': 3843401723, 'id_str': '3843401723', 'indices': [3, 18]}], 'symbols': []}"
127,2021-05-10 15:34:13,"Estatura mÃ©dia âœ…
Joga futebol como um Deus âœ…
Usa Nike âœ…
Pretinho âœ…
Postura de jogador caro âœ…
Nunca perdeu 1x1 âœ…

Tudo isso no pai aqui ğŸ¤—ğŸ™…ğŸ¾â€â™‚ï¸",['Nike']," ğ¶ğº, ğ‘ğ‘ğ‘™ğ‘šğ‘ğ‘Ÿğ‘’ğ‘ ","{'hashtags': [], 'urls': [], 'user_mentions': [{'screen_name': 'iuryLima07', 'name': 'Éªá´œÊ€Ê ÊŸÉªá´á´€ ğŸ‡µğŸ‡¹ğŸŒŸ', 'id': 1168654527567945733, 'id_str': '1168654527567945733', 'indices': [3, 14]}], 'symbols': []}"
128,2021-05-10 15:34:15,JoÃ£o me convenceu a baixar o Nubank sÃ³ pela propaganda que ele tÃ¡ fazendo desse banco,['Nubank'],No Fundo do PoÃ§o,"{'hashtags': [], 'urls': [], 'user_mentions': [], 'symbols': []}"
129,2021-05-10 15:34:18,"isso mesmo fÃªmea continua diminuindo qm usa cropped e short 
TÃ¡ lindo, mesmo
Amo seu estilo diferenciado 
ğŸ’«sheinğŸ’«",['SHEIN'],"Cajati, Brasil","{'hashtags': [], 'urls': [], 'user_mentions': [{'screen_name': 'volality', 'name': 'Lollitisia', 'id': 815236379856830464, 'id_str': '815236379856830464', 'indices': [3, 12]}], 'symbols': []}"
130,2021-05-10 15:34:25,@fefeandrade5 alÃ´ @nubank ajuda nois kkkk,['Nubank'],"UberlÃ¢ndia, Brasil","{'hashtags': [], 'urls': [], 'user_mentions': [{'screen_name': 'fefeandrade5', 'name': 'fefe andrade', 'id': 1328535866726371328, 'id_str': '1328535866726371328', 'indices': [0, 13]}, {'screen_name': 'nubank', 'name': 'Nubank', 'id': 2319390320, 'id_str': '2319390320', 'indices': [18, 25]}], 'symbols': []}"
131,2021-05-10 15:34:29,Banco inter Ã© mil vezes melhor que o nubank sem dÃºvidas,['Nubank'],None,"{'hashtags': [], 'urls': [], 'user_mentions': [], 'symbols': []}"
132,2021-05-10 15:34:30,Hoje faz 5 meses que nÃ£o bebo coca cola. Realmente a diferenÃ§a Ã© absurda a mÃ©dio- longo orazo,['Coca cola'],"Rio de Janeiro, Brasil","{'hashtags': [], 'urls': [], 'user_mentions': [], 'symbols': []}"
133,2021-05-10 15:34:42,vei as coisa da shein chega nunk,['SHEIN'],MauÃ¡ ,"{'hashtags': [], 'urls': [], 'user_mentions': [], 'symbols': []}"
134,2021-05-10 15:34:44,"@futebol_info @S7_ofcc @AtaqueMarketing Rapaz, a Nike abandonou o futebol sul-americano",['Nike'],"JacarepaguÃ¡, Rj","{'hashtags': [], 'urls': [], 'user_mentions': [{'screen_name': 'futebol_info', 'name': 'Planeta do Futebol ğŸŒ', 'id': 193500696, 'id_str': '193500696', 'indices': [0, 13]}, {'screen_name': 'S7_ofcc', 'name': 'S7 ğŸ§ğŸ§™ğŸ½\u200dâ™‚ï¸', 'id': 1167613164151857152, 'id_str': '1167613164151857152', 'indices': [14, 22]}, {'screen_name': 'AtaqueMarketing', 'name': 'Ataque Marketing Esportivo', 'id': 121522082, 'id_str': '121522082', 'indices': [23, 39]}], 'symbols': []}"
135,2021-05-10 15:34:47,travis fudeu a porra toda nessa faixa,[],None,"{'hashtags': [], 'urls': [], 'user_mentions': [{'screen_name': 'rvszxs', 'name': 'erreve', 'id': 1319628073122279424, 'id_str': '1319628073122279424', 'indices': [3, 10]}], 'symbols': []}"
136,2021-05-10 15:34:48,"""Coca cola faz mal"" 

entendi *abrindo uma latinha de coca cola*",['Coca cola'], ğğ€ğğ†ğ“ğ–ğˆğ‚ğ„ ğŸ’,"{'hashtags': [], 'urls': [], 'user_mentions': [], 'symbols': []}"
137,2021-05-10 15:35:21,mo vontade de vender meu shorts saia da nike,['Nike'], baixada sancria,"{'hashtags': [], 'urls': [], 'user_mentions': [], 'symbols': []}"
138,2021-05-10 15:35:24,@FlaMadri96 Nike so patrocina 1 da liberta?,['Nike'],"Rio de Janeiro, Brasil","{'hashtags': [], 'urls': [], 'user_mentions': [{'screen_name': 'FlaMadri96', 'name': 'CLÃ‰SIO BARBOSA ğŸ‡ªğŸ‡¸ #ForaCeni', 'id': 1177558355155587074, 'id_str': '1177558355155587074', 'indices': [0, 11]}], 'symbols': []}"
140,2021-05-10 15:35:30,eu PRECISO parar de tomar coca cola,['Coca cola'],"Rio de Janeiro, Brasil","{'hashtags': [], 'urls': [], 'user_mentions': [], 'symbols': []}"
141,2021-05-10 15:36:09,o meu app do nubank nunca consegue ler o cÃ³digo de barras de boleto,['Nubank'],"Sao Paulo, Brazil","{'hashtags': [], 'urls': [], 'user_mentions': [], 'symbols': []}"
143,2021-05-10 15:36:23,"teste de carÃ¡ter 

nike ou adidas?",['Nike'],None,"{'hashtags': [], 'urls': [], 'user_mentions': [], 'symbols': []}"
144,2021-05-10 15:36:24,Enfim com o nubank em mÃ£os ğŸ™ŒğŸ»,['Nubank'],"Carazinho, Brasil","{'hashtags': [], 'urls': [], 'user_mentions': [], 'symbols': []}"
145,2021-05-10 15:36:45,"Meu cÃ©rebro precisa entender o acesso ao BrÃ¡s, divi, mas sÃ³ vai no site da Nike, adidas e da live p conjunto fit ğŸ˜­",['Nike'],"Lagoa da Prata, Brasil","{'hashtags': [], 'urls': [], 'user_mentions': [], 'symbols': []}"
146,2021-05-10 15:36:46,oiii vc tem coca cola na sua casa?,['Coca cola'],ç§ã¯ã‚²ãƒ¼ãƒãƒ¼ã§ã€å‹‡æ•¢ãªã€ãƒã‚¤ãƒ³ã‚¯ãƒ©ãƒ•ãƒˆã€ã‚·ãƒ ãªã©ã€ã„ãã¤ã‹ã®ã‚²ãƒ¼ãƒ ã‚’ãƒ—ãƒ¬ã‚¤ã—ã¦ã„ã¾ã™ã€‚ã‚·ãƒªãƒ¼ã‚ºã‚’è¦‹ã‚‹ã®ãŒå¥½ãã§ã€çŒ«ãŒå¤§å¥½ãã§ã™ã€‚ooá¥´: -18,"{'hashtags': [], 'urls': [], 'user_mentions': [], 'symbols': []}"
147,2021-05-10 15:37:03,Um conjunto Nike 456 kkkkkkkkk,['Nike'],"Lagoa da Prata, Brasil","{'hashtags': [], 'urls': [], 'user_mentions': [], 'symbols': []}"
148,2021-05-10 15:37:05,"@macaterrivel7 Hoje eu nÃ£o estarei presente pra perguntar se vocÃª quer coca cola, se contenha kkkkkkkkkkkkkkkkkk",['Coca cola'],None,"{'hashtags': [], 'urls': [], 'user_mentions': [{'screen_name': 'macaterrivel7', 'name': 'Sem Saudades', 'id': 1214277526022848512, 'id_str': '1214277526022848512', 'indices': [0, 14]}], 'symbols': []}"
149,2021-05-10 15:37:09,@nubank @ygorsf1997 @Apple Para vcs tbm,['Nubank'],SP,"{'hashtags': [], 'urls': [], 'user_mentions': [{'screen_name': 'nubank', 'name': 'Nubank', 'id': 2319390320, 'id_str': '2319390320', 'indices': [0, 7]}, {'screen_name': 'ygorsf1997', 'name': 'ygor francisco', 'id': 2857344051, 'id_str': '2857344051', 'indices': [8, 19]}, {'screen_name': 'Apple', 'name': 'Apple', 'id': 380749300, 'id_str': '380749300', 'indices': [20, 26]}], 'symbols': []}"
150,2021-05-10 15:37:12,AlguÃ©m que me tire da Shein,['SHEIN'],None,"{'hashtags': [], 'urls': [], 'user_mentions': [], 'symbols': []}"
151,2021-05-10 15:37:20,@diabitta Tudo roupa da shein aliexpress e quer reclamar,['SHEIN'],None,"{'hashtags': [], 'urls': [], 'user_mentions': [{'screen_name': 'diabitta', 'name': 'ğšŒğšŠğš›ğš˜ğš•', 'id': 767050286, 'id_str': '767050286', 'indices': [0, 9]}], 'symbols': []}"
152,2021-05-10 15:37:22,Fiz uma compra de valor alto na SHEIN e to me cagando de medo de ser taxada,['SHEIN'],None,"{'hashtags': [], 'urls': [], 'user_mentions': [], 'symbols': []}"
153,2021-05-10 15:37:39,"@mathiasrb Ã´ loco, q tu limpa com coca cola?",['Coca cola'],"Porto Alegre, Brasil","{'hashtags': [], 'urls': [], 'user_mentions': [{'screen_name': 'mathiasrb', 'name': 'Mathias CaÃ±o', 'id': 211029551, 'id_str': '211029551', 'indices': [0, 10]}], 'symbols': []}"
155,2021-05-10 15:37:42,"sÃ³ sei de uma coisa celular da xiaomi nunca mais pqp
no comeÃ§o eu amava mas agora tÃ¡ pura porcaria essa miui 12",['Xiaomi'],None,"{'hashtags': [], 'urls': [], 'user_mentions': [], 'symbols': []}"
156,2021-05-10 15:38:04,Nike no peito liga pro zeca,['Nike'],"Rio de Janeiro, Brasil","{'hashtags': [], 'urls': [], 'user_mentions': [], 'symbols': []}"
158,2021-05-10 15:38:41,@mosalxh mano qnd chegou eu nÃ£o acredito velho mas vou comprar a vermelha da nike pago pau demais nela,['Nike'],None,"{'hashtags': [], 'urls': [], 'user_mentions': [{'screen_name': 'mosalxh', 'name': 'taynÃ¡.', 'id': 1011715480795705344, 'id_str': '1011715480795705344', 'indices': [0, 8]}], 'symbols': []}"
159,2021-05-10 15:38:50,felicidad... felicidad es hacer un pedido en shein,['SHEIN'],"Elche, Spain","{'hashtags': [], 'urls': [], 'user_mentions': [], 'symbols': []}"
160,2021-05-10 15:39:00,Eu sou cadelinha da BoticÃ¡rio ğŸ˜”,['BoticÃ¡rio'],"Konoha, aldeia da folha ","{'hashtags': [], 'urls': [], 'user_mentions': [], 'symbols': []}"
161,2021-05-10 15:39:01,"TÃ´ aqui escolhendo uma lingeries na shein e tÃ´ chorando, como eu queria ter mto dinheiro p comprar tudo ğŸ˜¢",['SHEIN'],Protegida por Deus,"{'hashtags': [], 'urls': [], 'user_mentions': [], 'symbols': []}"
162,2021-05-10 15:39:12,"@RodrigoBuenoTV A Umbro Ã© da Nike, entÃ£o meio que o retorno Ã© o mesmo com os outros 6 clubes Umbro.",['Nike'],"Porto Alegre, Brasil","{'hashtags': [], 'urls': [], 'user_mentions': [{'screen_name': 'RodrigoBuenoTV', 'name': 'Rodrigo Bueno', 'id': 45385616, 'id_str': '45385616', 'indices': [0, 15]}], 'symbols': []}"
163,2021-05-10 15:39:12,"@junioraas @RodrigoBuenoTV Acho que esse raciocÃ­nio nÃ£o procede.
Deixou o Boca, o Internacional aqui... na Europa hÃ¡ alguns anos deixou o United, Juventus,  City, Porto. Ao mesmo tempo,  gastou os tubos pra se manter no Barcelona. Sinceramente,  nÃ£o consegui entender a estratÃ©gia da Nike.",['Nike'],None,"{'hashtags': [], 'urls': [], 'user_mentions': [{'screen_name': 'mfsant', 'name': 'Marcos SANTOS', 'id': 55060766, 'id_str': '55060766', 'indices': [3, 10]}, {'screen_name': 'junioraas', 'name': 'JÃºnior-AAS', 'id': 216738628, 'id_str': '216738628', 'indices': [12, 22]}, {'screen_name': 'RodrigoBuenoTV', 'name': 'Rodrigo Bueno', 'id': 45385616, 'id_str': '45385616', 'indices': [23, 38]}], 'symbols': []}"
165,2021-05-10 15:39:18,Q Nike boy usa coisa fala des de quando isso,['Nike'],None,"{'hashtags': [], 'urls': [], 'user_mentions': [], 'symbols': []}"
166,2021-05-10 15:39:40,Como respeita um mlk que se intitula Nike boy? Kkkkkkk,['Nike'],"Santos, Brasil","{'hashtags': [], 'urls': [], 'user_mentions': [], 'symbols': []}"
167,2021-05-10 15:39:47,Melhor que Coca-colağŸ˜‹,['Coca-cola'],None,"{'hashtags': [], 'urls': [], 'user_mentions': [{'screen_name': 'Rayssaamartins9', 'name': 'Rayy ğŸŒ¸', 'id': 966685475544199169, 'id_str': '966685475544199169', 'indices': [3, 19]}], 'symbols': []}"
168,2021-05-10 15:39:56,"quero agradecer aos serviÃ§os prestados pelo xiaomi airpod, mas agora com esse jbl free.................. sacanagem de bom, que maravilha",['Xiaomi'],uberlÃ¢ndia,"{'hashtags': [], 'urls': [], 'user_mentions': [], 'symbols': []}"
170,2021-05-10 15:40:02,Pra q fui baixar a shein dnv,['SHEIN'],None,"{'hashtags': [], 'urls': [], 'user_mentions': [], 'symbols': []}"
171,2021-05-10 15:40:09,Ainda pit kkkkkkk,[],None,"{'hashtags': [], 'urls': [], 'user_mentions': [{'screen_name': '2pfabiano', 'name': 'Pedro Fabiano', 'id': 1333536470292901888, 'id_str': '1333536470292901888', 'indices': [3, 13]}], 'symbols': []}"
172,2021-05-10 15:40:12,aiai essa shein ğŸ¤¡ğŸ¤¡,['SHEIN'],Uberaba-MG,"{'hashtags': [], 'urls': [], 'user_mentions': [], 'symbols': []}"
173,2021-05-10 15:40:12,Vou ser obrigada por uns meses a abandonar a Nike,['Nike'],"Sant'Ana do Livramento, Brasil","{'hashtags': [], 'urls': [], 'user_mentions': [], 'symbols': []}"
174,2021-05-10 15:40:12,finalmente achei uma troxa pra pagar meu carrinho da shein (eu),['SHEIN'],Itabira,"{'hashtags': [], 'urls': [], 'user_mentions': [], 'symbols': []}"
175,2021-05-10 15:40:16,@ulttmaknae VEI MINHAS COMPRAS DA SHEIN TAO LA FAZ 5 DIAS QUE ODIO UNFERNO CU BUCETA,['SHEIN'], â€¢ ela/dela ,"{'hashtags': [], 'urls': [], 'user_mentions': [{'screen_name': 'ulttmaknae', 'name': 'ğŸ–•', 'id': 3837954861, 'id_str': '3837954861', 'indices': [0, 11]}], 'symbols': []}"
176,2021-05-10 15:40:26,As roupas (masculinas) dessa shein aÃ­ sÃ£o moh sem graÃ§a kkkkk prefiro o brechozao de mainha,['SHEIN'],None,"{'hashtags': [], 'urls': [], 'user_mentions': [], 'symbols': []}"
177,2021-05-10 15:40:26,Misturar adidas com nike pra academia pode,['Nike'],"Nova IguaÃ§u, Brasil","{'hashtags': [], 'urls': [], 'user_mentions': [], 'symbols': []}"
178,2021-05-10 15:40:37,se minhas roupinhas da nike nÃ£o chegarem eu vo me mata.,['Nike'],Farroupilha - RS ,"{'hashtags': [], 'urls': [], 'user_mentions': [], 'symbols': []}"
179,2021-05-10 15:40:42,@MussumAlive Shein em questÃ£o de roupas !,['SHEIN'],"Rio de Janeiro, Brasil","{'hashtags': [], 'urls': [], 'user_mentions': [{'screen_name': 'MussumAlive', 'name': 'Leandro Santos | Mussum Alive', 'id': 20771988, 'id_str': '20771988', 'indices': [0, 12]}], 'symbols': []}"
180,2021-05-10 15:41:01,"Ontem eu no auge, louco de bebado recebo uma msg da Nubank aumentando o limite do cartÃ£o kkkkkk o resto vcs jÃ¡ sabem",['Nubank'],"SÃ£o GonÃ§alo, Brasil","{'hashtags': [], 'urls': [], 'user_mentions': [], 'symbols': []}"
181,2021-05-10 15:42:32,@Gnor_23 KKKKKKK to gastando Nike Ã© a mais n tem jeito,['Nike'],None,"{'hashtags': [], 'urls': [], 'user_mentions': [{'screen_name': 'Gnor_23', 'name': 'O Normandin', 'id': 602953832, 'id_str': '602953832', 'indices': [0, 8]}], 'symbols': []}"
182,2021-05-10 15:42:35,@fckggud hÃ¡ na shein,['SHEIN'],None,"{'hashtags': [], 'urls': [], 'user_mentions': [{'screen_name': 'fckggud', 'name': '\U0001f972', 'id': 3136447583, 'id_str': '3136447583', 'indices': [0, 8]}], 'symbols': []}"
183,2021-05-10 15:42:38,Todo mÃªs a Nubank aumentando meu limite coisa linda,['Nubank'],"FlorianÃ³polis, Ingleses ","{'hashtags': [], 'urls': [], 'user_mentions': [], 'symbols': []}"
184,2021-05-10 15:43:22,"@BOLT__3 Nike na roupa, puma Ã© tilt",['Nike'],andorinha,"{'hashtags': [], 'urls': [], 'user_mentions': [{'screen_name': 'BOLT__3', 'name': 'BOLTğŸ‘¨ğŸ¿\u200dğŸ¦³', 'id': 1045518460581810178, 'id_str': '1045518460581810178', 'indices': [0, 8]}], 'symbols': []}"
186,2021-05-10 15:43:37,@UmAtleticano__ Tem umas de 120 que sÃ£o mesma coisas de 300 da Nike e da Adidas,['Nike'],"Ipatinga, Brasil","{'hashtags': [], 'urls': [], 'user_mentions': [{'screen_name': 'UmAtleticano__', 'name': 'Atleticano tweetou Â®', 'id': 2752913065, 'id_str': '2752913065', 'indices': [0, 15]}], 'symbols': []}"
187,2021-05-10 15:43:39,@luizzucolotto sim kkkk os dois d c tenis da nike ainda,['Nike'],"Serra, Brasil","{'hashtags': [], 'urls': [], 'user_mentions': [{'screen_name': 'luizzucolotto', 'name': 'Minha nossa', 'id': 726957917845491713, 'id_str': '726957917845491713', 'indices': [0, 14]}], 'symbols': []}"
188,2021-05-10 15:43:53,"hello, entÃ£o, vocÃªs conhecem ou sabem de alguma regrinha da shein sobre as taxas? quero fazer uma compra but estou com medo de ser taxada",['SHEIN'],None,"{'hashtags': [], 'urls': [], 'user_mentions': [], 'symbols': []}"
189,2021-05-10 15:43:56,2 semanas esperando sÃ³ capinhas da shein âœ¨âœ¨ trouxa âœ¨âœ¨,['SHEIN'],None,"{'hashtags': [], 'urls': [], 'user_mentions': [], 'symbols': []}"
190,2021-05-10 15:44:24,Coca cola Ã© tÃ£o ruim credo maldito covid me tirou uma paixÃ£o,['Coca cola'],lÃ¡ mesmo,"{'hashtags': [], 'urls': [], 'user_mentions': [], 'symbols': []}"
191,2021-05-10 15:44:38,Queria saber qual o problema da Nubank em aumentar meu limite pra 3k,['Nubank'],None,"{'hashtags': [], 'urls': [], 'user_mentions': [], 'symbols': []}"
192,2021-05-10 15:44:58,A DÃ©bora Ã© tudo pra mim kkkk encontrou fini de coca cola e veio toda feliz sÃ³ pra me contar E me dar pra experimentar ğŸ˜â¤ï¸,['Coca cola'],"Belo Horizonte, Brasil","{'hashtags': [], 'urls': [], 'user_mentions': [], 'symbols': []}"
193,2021-05-10 15:45:06,"@lctbl10 Nike ou Puma, adidas tÃ¡ deixando a desejar p crl. Uniforme tudo igual pelo mundo",['Nike'],None,"{'hashtags': [], 'urls': [], 'user_mentions': [{'screen_name': 'lctbl10', 'name': 'lucas lirağŸ¤´ğŸ¾', 'id': 2871564865, 'id_str': '2871564865', 'indices': [0, 8]}], 'symbols': []}"
194,2021-05-10 15:45:09,"Bora comprar uns quilos de milho ğŸŒ½ de ğŸ¿ e uma Coca-cola Pra ficar bem do estÃ´mago ? ğŸ˜‚ ğŸ˜ 

#CaixaDePanDoriaPGR",['Coca-cola'],DF ,"{'hashtags': [{'text': 'CaixaDePanDoriaPGR', 'indices': [108, 127]}], 'urls': [], 'user_mentions': [{'screen_name': 'alepavanelli', 'name': 'ALE PAVANELLI ğŸ‡§ğŸ‡· ğŸ‡ºğŸ‡¸ ğŸŒ', 'id': 153874512, 'id_str': '153874512', 'indices': [3, 16]}], 'symbols': []}"
195,2021-05-10 15:45:21,xiaomi nunca mais que dor de cabeÃ§a,['Xiaomi'],â €â € â €  â €â €    âŠ¹ â‹†ï¾Ÿê’°à° â™¡ à»’ê’± â‹†ï¾ŸâŠ¹,"{'hashtags': [], 'urls': [], 'user_mentions': [], 'symbols': []}"
196,2021-05-10 15:45:27,o fone q comprei na shein Ã© perfeito,['SHEIN'],mg,"{'hashtags': [], 'urls': [], 'user_mentions': [], 'symbols': []}"
197,2021-05-10 15:45:27,a minha primeira compra da shein nem chegou e eu querendo que a segunda chegue.ğŸ¤¡,['SHEIN'],"Los Angeles, CA","{'hashtags': [], 'urls': [], 'user_mentions': [], 'symbols': []}"
198,2021-05-10 15:45:41,"@xodozinho04 @Juanziin10 Vcs sÃ£o mÃ¡ influÃªncia, o certo Ã© nikeğŸ‘ğŸ¼",['Nike'],NiterÃ³i,"{'hashtags': [], 'urls': [], 'user_mentions': [{'screen_name': 'xodozinho04', 'name': 'xodÃ³ğŸ˜¼', 'id': 1365811495855140874, 'id_str': '1365811495855140874', 'indices': [0, 12]}, {'screen_name': 'Juanziin10', 'name': 'soneca', 'id': 1306147035721195521, 'id_str': '1306147035721195521', 'indices': [13, 24]}], 'symbols': []}"
199,2021-05-10 15:46:01,"depois de 84 anos enrolando agora o estÃºdio tem uma conta pj 

obrigada pelos mimos @nubank",['Nubank'],None,"{'hashtags': [], 'urls': [], 'user_mentions': [{'screen_name': 'nubank', 'name': 'Nubank', 'id': 2319390320, 'id_str': '2319390320', 'indices': [84, 91]}], 'symbols': []}"
200,2021-05-10 15:46:06,Sempre com Nike no pÃ© e camisa de time,['Nike'],ppg,"{'hashtags': [], 'urls': [], 'user_mentions': [], 'symbols': []}"
201,2021-05-10 15:46:11,@ptkintocavel Vc com a sua Nike e eu vou a minha pumağŸ˜,['Nike'],pergunta lÃ¡ no posto ipiranga,"{'hashtags': [], 'urls': [], 'user_mentions': [{'screen_name': 'ptkintocavel', 'name': 'ğŸ…¿ï¸1ï¸âƒ£7ï¸âƒ£', 'id': 1012448421897261056, 'id_str': '1012448421897261056', 'indices': [0, 13]}], 'symbols': []}"
202,2021-05-10 15:46:26,Aplicativo do @nubank mais lento que Celta 1.0 na subida com ar ligado. ImpossÃ­vel pagar um boleto,['Nubank'],None,"{'hashtags': [], 'urls': [], 'user_mentions': [], 'symbols': []}"
203,2021-05-10 15:46:36,"Cara eu quero que esse espÃ­rito consumista saia de mim, eu jÃ¡ tÃ´ aqui querendo importar Nike, socorro",['Nike'],Me chamou de hopi Hari,"{'hashtags': [], 'urls': [], 'user_mentions': [], 'symbols': []}"
205,2021-05-10 15:46:45,to com uma saia no carrinho da shein qual a probabilidade de eu nao usa ela nunca 99 ou 100,['SHEIN'],None,"{'hashtags': [], 'urls': [], 'user_mentions': [], 'symbols': []}"
207,2021-05-10 15:46:48,@RodrigoBuenoTV Nike nÃ£o veste time pequeno,['Nike'],None,"{'hashtags': [], 'urls': [], 'user_mentions': [{'screen_name': 'RodrigoBuenoTV', 'name': 'Rodrigo Bueno', 'id': 45385616, 'id_str': '45385616', 'indices': [0, 15]}], 'symbols': []}"
208,2021-05-10 15:46:49,A criatura nÃ£o fez eu pedir um ubereats sÃ³ por causa de uma Coca Cola,['Coca cola'],"New Jersey, USA","{'hashtags': [], 'urls': [], 'user_mentions': [], 'symbols': []}"
209,2021-05-10 15:46:55,"Hoje entrei no site da Shein,amei as roupas, jÃ¡ fiz um carrinho hehe amo",['SHEIN'],"Urubici, Brasil","{'hashtags': [], 'urls': [], 'user_mentions': [], 'symbols': []}"
210,2021-05-10 15:47:00,@RodrigoBuenoTV Umbro Ã© da Nike...,['Nike'],None,"{'hashtags': [], 'urls': [], 'user_mentions': [{'screen_name': 'RodrigoBuenoTV', 'name': 'Rodrigo Bueno', 'id': 45385616, 'id_str': '45385616', 'indices': [0, 15]}], 'symbols': []}"
211,2021-05-10 15:47:03,ImpressÃ£o minha ou o @nubank estÃ¡ com problemas pra processar pagamentos?,['Nubank'],Rio de Janeiro - Brasil,"{'hashtags': [], 'urls': [], 'user_mentions': [{'screen_name': 'nubank', 'name': 'Nubank', 'id': 2319390320, 'id_str': '2319390320', 'indices': [21, 28]}], 'symbols': []}"
212,2021-05-10 15:47:07,Aumenta meu limite ai @nubank namoral qual foi?,['Nubank'],None,"{'hashtags': [], 'urls': [], 'user_mentions': [{'screen_name': 'nubank', 'name': 'Nubank', 'id': 2319390320, 'id_str': '2319390320', 'indices': [22, 29]}], 'symbols': []}"
213,2021-05-10 15:47:10,"@nubank Bate bola meu ovo , me prometeu o crÃ©dito e atÃ© agora nada .",['Nubank'],"Rio de Janeiro, Brasil","{'hashtags': [], 'urls': [], 'user_mentions': [{'screen_name': 'nubank', 'name': 'Nubank', 'id': 2319390320, 'id_str': '2319390320', 'indices': [0, 7]}], 'symbols': []}"
214,2021-05-10 15:47:19,"""nike ou adidas?""

voce",['Nike'],ğŸ ,"{'hashtags': [], 'urls': [], 'user_mentions': [{'screen_name': 'eumanovt', 'name': 'vt crf ğŸš©', 'id': 777594688228495360, 'id_str': '777594688228495360', 'indices': [3, 12]}], 'symbols': []}"
215,2021-05-10 15:47:21,@JahgoDomingues @marcoslonguini @RodrigoBuenoTV @adidasbrasil @underarmourbr @pumabrasil @Nike nike sÃ³ manda bem em camisa de seleÃ§Ã£o,['Nike'],SÃ£o Paulo/Franco da Rocha,"{'hashtags': [], 'urls': [], 'user_mentions': [{'screen_name': 'Alfredobrincad1', 'name': 'Alfredo felipe', 'id': 1369454908274057218, 'id_str': '1369454908274057218', 'indices': [3, 19]}, {'screen_name': 'JahgoDomingues', 'name': 'Jahgodomingues', 'id': 289089271, 'id_str': '289089271', 'indices': [21, 36]}, {'screen_name': 'marcoslonguini', 'name': 'Z.', 'id': 1134073321308508160, 'id_str': '1134073321308508160', 'indices': [37, 52]}, {'screen_name': 'RodrigoBuenoTV', 'name': 'Rodrigo Bueno', 'id': 45385616, 'id_str': '45385616', 'indices': [53, 68]}, {'screen_name': 'adidasbrasil', 'name': 'adidasbrasil', 'id': 42894971, 'id_str': '42894971', 'indices': [69, 82]}, {'screen_name': 'underarmourbr', 'name': 'Under Armour Brasil', 'id': 2327577853, 'id_str': '2327577853', 'indices': [83, 97]}, {'screen_name': 'pumabrasil', 'name': 'pumabrasil', 'id': 281551749, 'id_str': '281551749', 'indices': [98, 109]}, {'screen_name': 'Nike', 'name': 'Nike', 'id': 415859364, 'id_str': '415859364', 'indices': [110, 115]}], 'symbols': []}"
216,2021-05-10 15:47:25,@adodeur @brazil_pl @mufcbr @ManUtdBRA @filuslucas @RodrigoBuenoTV @plbrasil1 @pldadepressao_ Bebe uma Coca-Cola pra ajudar a engolir. ğŸ¤­,['Coca-cola'],Brasil,"{'hashtags': [], 'urls': [], 'user_mentions': [{'screen_name': 'adodeur', 'name': 'Adodeur cinot aeirvoil eimirvoss eeretugtz lilva', 'id': 1189018906603724800, 'id_str': '1189018906603724800', 'indices': [0, 8]}, {'screen_name': 'brazil_pl', 'name': 'PL Stats Brasil', 'id': 852841404632092672, 'id_str': '852841404632092672', 'indices': [9, 19]}, {'screen_name': 'mufcbr', 'name': 'MUFC BR', 'id': 266175657, 'id_str': '266175657', 'indices': [20, 27]}, {'screen_name': 'ManUtdBRA', 'name': 'Manchester United Scouts', 'id': 1332683884992016385, 'id_str': '1332683884992016385', 'indices': [28, 38]}, {'screen_name': 'filuslucas', 'name': 'Lucas Filus', 'id': 164536786, 'id_str': '164536786', 'indices': [39, 50]}, {'screen_name': 'RodrigoBuenoTV', 'name': 'Rodrigo Bueno', 'id': 45385616, 'id_str': '45385616', 'indices': [51, 66]}, {'screen_name': 'plbrasil1', 'name': 'PL Brasil', 'id': 168440548, 'id_str': '168440548', 'indices': [67, 77]}, {'screen_name': 'pldadepressao_', 'name': 'PL DA DEPRESSÃƒO', 'id': 896506494451142656, 'id_str': '896506494451142656', 'indices': [78, 93]}], 'symbols': []}"
217,2021-05-10 15:47:38,@leitecristiane Coca cola original geladÃ­ssima.,['Coca cola'],"RibeirÃ£o Preto, Brasil","{'hashtags': [], 'urls': [], 'user_mentions': [{'screen_name': 'leitecristiane', 'name': 'Cris', 'id': 80943643, 'id_str': '80943643', 'indices': [0, 15]}], 'symbols': []}"
218,2021-05-10 15:47:41,"fodase vo deixa mais o cabelo cresce n, lanÃ§ar degradezin na regua com o simbolo da nike piquei jogado",['Nike'],@ğ˜´ğ˜¢ğ˜¯ğ˜¤ğ˜©ğ˜¦ğ˜»ğ˜»ğ˜µğ˜°ğ˜¹ğ˜ªğ˜¤ ,"{'hashtags': [], 'urls': [], 'user_mentions': [], 'symbols': []}"
219,2021-05-10 15:47:45,demorei tanto p fazer comprinhas na shein q agr nada mai eh novidade todo mundo tem parece renner,['SHEIN'],SÃ£o Paulo - SP,"{'hashtags': [], 'urls': [], 'user_mentions': [], 'symbols': []}"
220,2021-05-10 15:48:03,"@_erickjunio padrÃ£o nike, feia de doer",['Nike'],ğŸ”º,"{'hashtags': [], 'urls': [], 'user_mentions': [{'screen_name': '_erickjunio', 'name': 'Erick', 'id': 1493061656, 'id_str': '1493061656', 'indices': [0, 12]}], 'symbols': []}"
221,2021-05-10 15:48:05,@MarleneCosteira Era coca-cola que faltava? ğŸ˜‚,['Coca-cola'],None,"{'hashtags': [], 'urls': [], 'user_mentions': [{'screen_name': 'MarleneCosteira', 'name': 'à®±Î± Ñâ„“ áƒÎ·áƒ âœ¿ ğŸŒŸ', 'id': 423498973, 'id_str': '423498973', 'indices': [0, 16]}], 'symbols': []}"
222,2021-05-10 15:48:07,minha fatura se resume em compras da shein,['SHEIN'],None,"{'hashtags': [], 'urls': [], 'user_mentions': [], 'symbols': []}"
223,2021-05-10 15:48:13,@cello_silva @nubank Eu tbm,['Nubank'],None,"{'hashtags': [], 'urls': [], 'user_mentions': [{'screen_name': 'cello_silva', 'name': 'Marcelo', 'id': 144607546, 'id_str': '144607546', 'indices': [0, 12]}, {'screen_name': 'nubank', 'name': 'Nubank', 'id': 2319390320, 'id_str': '2319390320', 'indices': [13, 20]}], 'symbols': []}"
224,2021-05-10 15:48:15,coca-cola ou antartica?,['Coca-cola'],None,"{'hashtags': [], 'urls': [], 'user_mentions': [], 'symbols': []}"
225,2021-05-10 15:48:20,gente vcs ja compraram na shein?,['SHEIN'],na do morae$,"{'hashtags': [], 'urls': [], 'user_mentions': [], 'symbols': []}"
226,2021-05-10 15:48:23,A Nike desistiu da AmÃ©rica do Sul?,['Nike'],Brasil,"{'hashtags': [], 'urls': [], 'user_mentions': [{'screen_name': 'cronistaesporte', 'name': 'Tiago Ferreira', 'id': 155419031, 'id_str': '155419031', 'indices': [3, 19]}], 'symbols': []}"
227,2021-05-10 15:48:57,"QUARTO DESAFIO ğŸ‘ŠğŸ»

Biscoito x Bolacha 
iPhone x Samsung 
Coca Cola x GuaranÃ¡
Praia x Piscina
Lasanha x MacarrÃ£o 
Sushi x HambÃºrguer 
FeijÃ£o em cima x embaixo
CancÃºn x Noronha
Filme x SÃ©rie
VerÃ£o x Inverno

Tags: #GustavoMioto
#ArtistaMasculinoNacional
#SECAwards",['Coca cola'],"SÃ£o Paulo, Brasil","{'hashtags': [], 'urls': [], 'user_mentions': [{'screen_name': 'PortalGMofc', 'name': 'PORTAL GUSTAVO MIOTO âœğŸ»', 'id': 942169739354345472, 'id_str': '942169739354345472', 'indices': [3, 15]}], 'symbols': []}"
228,2021-05-10 15:49:00,"Ã‰ vou ter que lanÃ§ar uma camisa do Flamengo, calÃ§a da Nike e um tÃªnis da puma pra ir na risca e pra fechar um bonÃ© da hunder",['Nike'],None,"{'hashtags': [], 'urls': [], 'user_mentions': [{'screen_name': 'Iure_creed', 'name': 'VÃ³ vive ğŸ˜‡', 'id': 1324546192148221953, 'id_str': '1324546192148221953', 'indices': [3, 14]}], 'symbols': []}"
229,2021-05-10 15:49:14,queria comprar tudo que eu coloco no carrinho da shein ğŸ˜”,['SHEIN'],ğŸ“018 ,"{'hashtags': [], 'urls': [], 'user_mentions': [], 'symbols': []}"
230,2021-05-10 15:49:15,"ai, ansioso pra mixar logo a Bobojaco da Nike ğŸ—£ @Iurick_",['Nike'],None,"{'hashtags': [], 'urls': [], 'user_mentions': [{'screen_name': 'Iurick_', 'name': 'Iurick', 'id': 878471008323342336, 'id_str': '878471008323342336', 'indices': [48, 56]}], 'symbols': []}"
231,2021-05-10 15:49:22,@eimattt @PedroSeschini matt vc ja viu o nike shox cdg? kk...,['Nike'],"Atlanta, GA","{'hashtags': [], 'urls': [], 'user_mentions': [{'screen_name': 'eimattt', 'name': 'tranqueira', 'id': 1022556873361432577, 'id_str': '1022556873361432577', 'indices': [0, 8]}, {'screen_name': 'PedroSeschini', 'name': 'ğ–•ğ–Šğ–‰ğ–—ğ–”ğ–˜ğ–Šğ–˜ğ–ˆğ–ğ–ğ–“ğ– ğŸ©¸ğŸ‰', 'id': 4013112622, 'id_str': '4013112622', 'indices': [9, 23]}], 'symbols': []}"
232,2021-05-10 15:49:49,n gnt fui provar minhas roupas da shein ficaram tds um lixo,['SHEIN'],None,"{'hashtags': [], 'urls': [], 'user_mentions': [], 'symbols': []}"
233,2021-05-10 15:49:53,jÃ¡ solicitei nÃ£o sei quantos pedidos pra nubank os estagiÃ¡rios devem me odiar,['Nubank'],None,"{'hashtags': [], 'urls': [], 'user_mentions': [], 'symbols': []}"
234,2021-05-10 15:50:17,"Se eu nÃ£o brotar de Nike 
Vou brotar de Versace",['Nike'],sm - rsğŸŒ´,"{'hashtags': [], 'urls': [], 'user_mentions': [], 'symbols': []}"
236,2021-05-10 15:50:28,Gente os produtos da Shein chega rÃ¡pido como os da Shopee? Nunca comprei la!,['SHEIN'],"Rio de Janeiro, Brasil","{'hashtags': [], 'urls': [], 'user_mentions': [], 'symbols': []}"
237,2021-05-10 15:50:33,@maluzenhx a mina usa allstar e quer falar de nike kkkkkkkkkkkkkkkkkkkkkkkkkkkkkkkkkkkkkkkkkkkkkkkkkkkkkkkkkkkkkkkkkkkkkkkkkkkkkkkk,['Nike'],None,"{'hashtags': [], 'urls': [], 'user_mentions': [{'screen_name': 'maluzenhx', 'name': 'maluzita â˜½â˜¾', 'id': 1175402939244003329, 'id_str': '1175402939244003329', 'indices': [0, 10]}], 'symbols': []}"
238,2021-05-10 15:50:35,"cÃ³digo nx nunca me taxou na shein, esse tÃ´ sentindo que vai vir taxa",['SHEIN'],Brasil,"{'hashtags': [], 'urls': [], 'user_mentions': [], 'symbols': []}"
240,2021-05-10 15:51:10,o que houve com a nubank hoje? tÃ¡ um coco,['Nubank'],"Engenho Novo, Rio de Janeiro","{'hashtags': [], 'urls': [], 'user_mentions': [], 'symbols': []}"
241,2021-05-10 15:51:23,esse short foi feito pra deixa as mulheres estressadas isso sim kkkk,[],eva.ğŸ¥€ yan.ğŸ¥€ lorran.ğŸ¥€,"{'hashtags': [], 'urls': [], 'user_mentions': [{'screen_name': 'dudasantos__9', 'name': 'eduarda.ğŸ¦‹', 'id': 1333035428115599360, 'id_str': '1333035428115599360', 'indices': [3, 17]}], 'symbols': []}"
242,2021-05-10 15:51:31,"@dudiskkjk entre Nike e Adidas

prefiro vc",['Nike'],na sua casa bb,"{'hashtags': [], 'urls': [], 'user_mentions': [{'screen_name': 'dudiskkjk', 'name': 'dudis ama gustavo', 'id': 1317794972012347392, 'id_str': '1317794972012347392', 'indices': [0, 10]}], 'symbols': []}"
243,2021-05-10 15:51:38,Toda vez que tenho que usar tÃªnis abro o guarda roupa da mana e me sinto numa loja da nike escolhendo qual quero,['Nike'],"Santo Ã‚ngelo, Brasil","{'hashtags': [], 'urls': [], 'user_mentions': [], 'symbols': []}"
244,2021-05-10 15:52:03,As capinhas de celular na Shein sÃ£o maravilhosas e baratinhas,['SHEIN'],None,"{'hashtags': [], 'urls': [], 'user_mentions': [], 'symbols': []}"
245,2021-05-10 15:52:09,Nubank caiu?,['Nubank'],None,"{'hashtags': [], 'urls': [], 'user_mentions': [], 'symbols': []}"
246,2021-05-10 15:52:13,"Eu sÃ³ uso lanÃ§a, nike camisa e short ğŸ¶",['Nike'],"Penha, Rio de Janeiro","{'hashtags': [], 'urls': [], 'user_mentions': [], 'symbols': []}"
247,2021-05-10 15:52:15,@_erickjunio a nike tÃ¡ perdendo atÃ© pra umbro,['Nike'],ğŸ”º,"{'hashtags': [], 'urls': [], 'user_mentions': [{'screen_name': '_erickjunio', 'name': 'Erick', 'id': 1493061656, 'id_str': '1493061656', 'indices': [0, 12]}], 'symbols': []}"
248,2021-05-10 15:52:17,minha irma estÃ¡ comendo miojo e tomando coca cola meu deus coitado do estomago dela,['Coca cola'],"Belo Horizonte, Brasil","{'hashtags': [], 'urls': [], 'user_mentions': [], 'symbols': []}"
249,2021-05-10 15:52:24,coca-cola espumante,['Coca-cola'],"BrasÃ­lia, Brasil","{'hashtags': [], 'urls': [], 'user_mentions': [], 'symbols': []}"
250,2021-05-10 15:52:24,"@lj_gfbpa Nike, com certeza",['Nike'],"Curitiba, Brazil","{'hashtags': [], 'urls': [], 'user_mentions': [{'screen_name': 'lj_gfbpa', 'name': 'LJğŸ‡ªğŸ‡ª', 'id': 1338188036216074240, 'id_str': '1338188036216074240', 'indices': [0, 9]}], 'symbols': []}"
251,2021-05-10 15:52:29,"Souza compra vÃ¡rios perfumes da o BoticÃ¡rio brabo, e eu quero todos",['BoticÃ¡rio'],"BrÃ¡s de Pina, Rio de Janeiro","{'hashtags': [], 'urls': [], 'user_mentions': [], 'symbols': []}"
253,2021-05-10 15:52:38,N sei se vou de Lacoste ou de Nike ğŸ¶,['Nike'],"Nova IguaÃ§u, Vila de Cava ","{'hashtags': [], 'urls': [], 'user_mentions': [], 'symbols': []}"
254,2021-05-10 15:52:40,Eu precisando pagar conta e o app da @nubank nÃ£o carrega ğŸ¤¡,['Nubank'],"Curvelo, Brasil","{'hashtags': [], 'urls': [], 'user_mentions': [{'screen_name': 'nubank', 'name': 'Nubank', 'id': 2319390320, 'id_str': '2319390320', 'indices': [37, 44]}], 'symbols': []}"
255,2021-05-10 15:52:42,"@crstiwano Adidas pelas roupas, Nike pela tÃªnis de corrida!",['Nike'],"Fortaleza, Brasil","{'hashtags': [], 'urls': [], 'user_mentions': [{'screen_name': 'crstiwano', 'name': 'bruno', 'id': 1160727344417579008, 'id_str': '1160727344417579008', 'indices': [0, 10]}], 'symbols': []}"
257,2021-05-10 15:52:44,nÃ£o fui taxada na shein agora sÃ³ falta espera chegar ğŸ¥´ğŸ¤ğŸ¼,['SHEIN'],None,"{'hashtags': [], 'urls': [], 'user_mentions': [], 'symbols': []}"
258,2021-05-10 15:52:55,"@maiscaro155 Credita papai, o da nike, to puto e bolado, mo buracÃ£o",['Nike'],ğŸ‡§ğŸ‡·,"{'hashtags': [], 'urls': [], 'user_mentions': [{'screen_name': 'maiscaro155', 'name': 'CH \uf8ff', 'id': 1300330710146985984, 'id_str': '1300330710146985984', 'indices': [0, 12]}], 'symbols': []}"
259,2021-05-10 15:53:10,SÃ³ queria que meu pedido da Shein ou o da Shopee chegassem,['SHEIN'],ãƒ‡ãƒƒãƒ‰,"{'hashtags': [], 'urls': [], 'user_mentions': [], 'symbols': []}"
260,2021-05-10 15:53:13,vo lanÃ§a o nike no cabelo,['Nike'],gv city,"{'hashtags': [], 'urls': [], 'user_mentions': [], 'symbols': []}"
261,2021-05-10 15:53:25,atÃ© o nubank tÃ¡ coisado,['Nubank'],Juiz de Fora,"{'hashtags': [], 'urls': [], 'user_mentions': [], 'symbols': []}"
262,2021-05-10 15:53:33,"o aplicativo da nubank ta uma merda 

nÃ£o to achando nada ?????",['Nubank'],None,"{'hashtags': [], 'urls': [], 'user_mentions': [], 'symbols': []}"
263,2021-05-10 15:53:42,Agora as telas atÃ© nos modelos intermediÃ¡rios tem 120hz e sÃ£o amoled nos da Xiaomi,['Xiaomi'],Santa Cruz do Capibaribe - PE,"{'hashtags': [], 'urls': [], 'user_mentions': [], 'symbols': []}"
265,2021-05-10 15:53:50,Eu quero tanto um tÃªnis da Nike branco,['Nike'],"SumarÃ©, Brasil","{'hashtags': [], 'urls': [], 'user_mentions': [], 'symbols': []}"
266,2021-05-10 15:53:50,queria comprar umas coisinhas na SHEIN mas e o medo de ser taxada,['SHEIN'],011,"{'hashtags': [], 'urls': [], 'user_mentions': [], 'symbols': []}"
267,2021-05-10 15:53:58,preciso pagar meus boletos @nubank e o serviÃ§o de pagamento de boleto tÃ¡ fora do ar??? S.O.S,['Nubank'],"blackreach, skyrim","{'hashtags': [], 'urls': [], 'user_mentions': [{'screen_name': 'nubank', 'name': 'Nubank', 'id': 2319390320, 'id_str': '2319390320', 'indices': [27, 34]}], 'symbols': []}"
268,2021-05-10 15:54:01,Medo de comprar calÃ§a na shein e ser taxada,['SHEIN'],"JacarepaguÃ¡, Rio de Janeiro","{'hashtags': [], 'urls': [], 'user_mentions': [], 'symbols': []}"
269,2021-05-10 15:54:07,Se Ã© tÃ£o linda assim ou foi fabricada pela Nike,['Nike'],None,"{'hashtags': [], 'urls': [], 'user_mentions': [], 'symbols': []}"
271,2021-05-10 15:54:34,"Aquela Coca Cola no teclado do notebook, na sexta, era o que faltava pro pouco de Ã¢nimo que ainda existia nesse isolamento.",['Coca cola'],CrateÃºs /Fortaleza /SÃ£o Paulo,"{'hashtags': [], 'urls': [], 'user_mentions': [], 'symbols': []}"
272,2021-05-10 15:54:48,"achei um loja vende roupas estilo shein perto aqui de casa, vou la",['SHEIN'],ğŸ“–: a escolha,"{'hashtags': [], 'urls': [], 'user_mentions': [], 'symbols': []}"
273,2021-05-10 15:54:52,Meu nubank nÃ£o quer abrir acho que Ã© um sinal pra eu nÃ£o comprar o manga vou tentar mais uma vez se abrir eu compro,['Nubank'],None,"{'hashtags': [], 'urls': [], 'user_mentions': [], 'symbols': []}"
274,2021-05-10 15:54:53,@futebol_info @AtaqueMarketing Ah se meu tricolor fechasse c a nike em ğŸ˜¥,['Nike'],"SÃ£o Paulo, SP","{'hashtags': [], 'urls': [], 'user_mentions': [{'screen_name': 'futebol_info', 'name': 'Planeta do Futebol ğŸŒ', 'id': 193500696, 'id_str': '193500696', 'indices': [0, 13]}, {'screen_name': 'AtaqueMarketing', 'name': 'Ataque Marketing Esportivo', 'id': 121522082, 'id_str': '121522082', 'indices': [14, 30]}], 'symbols': []}"
275,2021-05-10 15:54:56,ta me perguntando Nike ou adidas pq fdp vai me dar?,['Nike'],None,"{'hashtags': [], 'urls': [], 'user_mentions': [], 'symbols': []}"
276,2021-05-10 15:55:13,nÃ£o pode comprar na shein nÃ£o pode comprar na renner nÃ£o pode comprar na c&amp;a o novo conceito Ã© vestir folha de bananeira,['SHEIN'],sitcom lovebot ğŸ¡,"{'hashtags': [], 'urls': [], 'user_mentions': [], 'symbols': []}"
277,2021-05-10 15:55:24,"""Nike ou Adidas""

a sua namorada de preferÃªncia",['Nike'],None,"{'hashtags': [], 'urls': [], 'user_mentions': [{'screen_name': 'npadryel', 'name': 'Pinoá¶œÊ³á¶  ğšğš›ğšŠğš–ğšğš£ â€˜â€˜ZEBRAâ€™â€™', 'id': 940740498515464197, 'id_str': '940740498515464197', 'indices': [3, 12]}], 'symbols': []}"
278,2021-05-10 15:55:27,Eu sÃ³ queria um amigo membro da Nike ğŸ¥ºğŸ¥º,['Nike'],"ParanaguÃ¡, Brasil","{'hashtags': [], 'urls': [], 'user_mentions': [], 'symbols': []}"
280,2021-05-10 15:55:41,Strogonoff + batata + coca-cola= coraÃ§Ã£o transbordando ğŸ˜â¤ï¸,['Coca-cola'],Casa do amor â¤ï¸,"{'hashtags': [], 'urls': [], 'user_mentions': [], 'symbols': []}"
281,2021-05-10 15:55:42,gente sÃ³ pelo â€œ Dont fight the fellingâ€ eu sei q mÃºsica vai ser GOSTOSINHA dms nossa senhora,[],æ„› áµ’áµ—Â²Â³ exol shawol,"{'hashtags': [], 'urls': [], 'user_mentions': [], 'symbols': []}"
282,2021-05-10 15:55:47,Gente as roupas de vocÃªs tambÃ©m somem??? Eu lembro de umas roupas do nada e percebo que elas simplesmente desapareceram,[],None,"{'hashtags': [], 'urls': [], 'user_mentions': [], 'symbols': []}"
285,2021-05-10 15:56:08,"âš ï¸teste de carÃ¡ter âš ï¸

      Nike ou Adidas",['Nike'],"ManhuaÃ§u, Brasil","{'hashtags': [], 'urls': [], 'user_mentions': [], 'symbols': []}"
286,2021-05-10 15:56:12,@alwaysmeteoro Tem um app chamado Nike training club. Tem treinos de vÃ¡rias intensidades e tempo.,['Nike'],"SÃ£o Paulo, Brasil","{'hashtags': [], 'urls': [], 'user_mentions': [{'screen_name': 'alwaysmeteoro', 'name': 'julia', 'id': 1370760330297683971, 'id_str': '1370760330297683971', 'indices': [0, 14]}], 'symbols': []}"
287,2021-05-10 15:56:38,"que demora Ã© essa do @nubank pra contestar um pagamento, uns 5 dias jÃ¡",['Nubank'],MEU PAÃS ESPÃRITO SANTO,"{'hashtags': [], 'urls': [], 'user_mentions': [{'screen_name': 'nubank', 'name': 'Nubank', 'id': 2319390320, 'id_str': '2319390320', 'indices': [21, 28]}], 'symbols': []}"
288,2021-05-10 15:56:38,@dragooncrf meu pezin ta acostumado com nike,['Nike'],+5551,"{'hashtags': [], 'urls': [], 'user_mentions': [{'screen_name': 'dragooncrf', 'name': 'dragoná¶œÊ³á¶ ', 'id': 1261365684770136064, 'id_str': '1261365684770136064', 'indices': [0, 11]}], 'symbols': []}"
289,2021-05-10 15:56:49,@reis_daniloo Ã© pq vc nao viu o meu nike,['Nike'],+5551,"{'hashtags': [], 'urls': [], 'user_mentions': [{'screen_name': 'reis_daniloo', 'name': 'â„œğ”ğ”ªğ”¬ğ”°', 'id': 1162220327746904064, 'id_str': '1162220327746904064', 'indices': [0, 13]}], 'symbols': []}"
290,2021-05-10 15:56:56,"Desviei de uma compra de quase 300 na shein, gratidÃ£o!",['SHEIN'],None,"{'hashtags': [], 'urls': [], 'user_mentions': [], 'symbols': []}"
291,2021-05-10 15:56:58,tweet atemporal,[],MÃ¡laga ,"{'hashtags': [], 'urls': [], 'user_mentions': [{'screen_name': 'andreeagalera', 'name': 'andreaaâ™¡', 'id': 1175033158586314752, 'id_str': '1175033158586314752', 'indices': [3, 17]}], 'symbols': []}"
292,2021-05-10 15:57:02,@loureno6duda TÃ´ querendo comprar na shein e to com medo tmb kkkkkkkkk,['SHEIN'],None,"{'hashtags': [], 'urls': [], 'user_mentions': [{'screen_name': 'loureno6duda', 'name': 'Eduarda', 'id': 1010578923040669696, 'id_str': '1010578923040669696', 'indices': [0, 13]}], 'symbols': []}"
293,2021-05-10 15:57:11,Comprem coca cola para os seus amigos!,['Coca cola'],Brasil,"{'hashtags': [], 'urls': [], 'user_mentions': [], 'symbols': []}"
294,2021-05-10 15:57:14,alguÃ©m me presenteia com um fardinho de coca cola,['Coca cola'],"Porto Velho, Brasil","{'hashtags': [], 'urls': [], 'user_mentions': [], 'symbols': []}"
295,2021-05-10 15:57:22,o app da nubank de vcs tÃ¡ abrindo????,['Nubank'],"SÃ£o LuÃ­s, Brasil","{'hashtags': [], 'urls': [], 'user_mentions': [], 'symbols': []}"
296,2021-05-10 15:57:26,"@nubank e o aplicativo que tÃ¡ instÃ¡vel, nÃ£o tÃ¡ carregando nada",['Nubank'],"Fortaleza, Brasil","{'hashtags': [], 'urls': [], 'user_mentions': [{'screen_name': 'nubank', 'name': 'Nubank', 'id': 2319390320, 'id_str': '2319390320', 'indices': [0, 7]}], 'symbols': []}"
297,2021-05-10 15:57:38,"Tenho quase certeza que a Nike concentra todo o design deles sÃ³ no PSG e deixa os estagiÃ¡rios cuidando dos outros times, nÃ£o Ã© possÃ­vel kkkkkkkk",['Nike'],None,"{'hashtags': [], 'urls': [], 'user_mentions': [{'screen_name': 'felipevalenteee', 'name': 'Valente', 'id': 1117646050767114241, 'id_str': '1117646050767114241', 'indices': [3, 19]}], 'symbols': []}"
299,2021-05-10 15:57:43,AlguÃ©m aÃ­ jÃ¡ comprou lingerie na shein?,['SHEIN'],"Belo Horizonte, Brasil","{'hashtags': [], 'urls': [], 'user_mentions': [], 'symbols': []}"
300,2021-05-10 15:57:45,Chegou meu pacote da Shein e eu sou a muiÃ© mais feliz aqui da ZL,['SHEIN'],"SÃ£o Paulo, Brasil","{'hashtags': [], 'urls': [], 'user_mentions': [], 'symbols': []}"
301,2021-05-10 15:57:52,todo dia eu pedindo pro nubank aumentar meu limite sem poder comprar nada ğŸ¤¡,['Nubank'],ğ”¤ğ”¥ğ”¬ğ”°ğ”± ğ” ğ”¦ğ”±ğ”¶,"{'hashtags': [], 'urls': [], 'user_mentions': [], 'symbols': []}"
302,2021-05-10 15:58:18,"AlÃ´ @nubank, quero pagar meus boletos mas o app nÃ£o deixa ğŸ¥²",['Nubank'],"Porto Alegre, Brasil","{'hashtags': [], 'urls': [], 'user_mentions': [{'screen_name': 'nubank', 'name': 'Nubank', 'id': 2319390320, 'id_str': '2319390320', 'indices': [4, 11]}], 'symbols': []}"
303,2021-05-10 15:58:18,eu fiquei 4 horas olhando a shein kkkkkk mds Ã© viciante,['SHEIN'],None,"{'hashtags': [], 'urls': [], 'user_mentions': [], 'symbols': []}"
304,2021-05-10 15:58:33,@souojuao @nubank O golpe kkkkkkkkkkkkk,['Nubank'],None,"{'hashtags': [], 'urls': [], 'user_mentions': [{'screen_name': 'souojuao', 'name': 'JoÃ£o', 'id': 3373096785, 'id_str': '3373096785', 'indices': [0, 9]}, {'screen_name': 'nubank', 'name': 'Nubank', 'id': 2319390320, 'id_str': '2319390320', 'indices': [10, 17]}], 'symbols': []}"
305,2021-05-10 15:58:34,trabalho de fotografia pra faculdade e eu fingido que coca cola Ã© cafÃ©,['Coca cola'],None,"{'hashtags': [], 'urls': [], 'user_mentions': [], 'symbols': []}"
306,2021-05-10 15:58:35,"@aylasol_ Ou nubank ğŸ˜
 R$0,50",['Nubank'],Ubatuba,"{'hashtags': [], 'urls': [], 'user_mentions': [{'screen_name': 'aylasol_', 'name': 'ayla', 'id': 4783127953, 'id_str': '4783127953', 'indices': [0, 9]}], 'symbols': []}"
307,2021-05-10 15:58:37,shein filha da puta meu pedido n sai do lugar desde 4 de maio se eu perder meu dinheiro vou ficar puta,['SHEIN'],None,"{'hashtags': [], 'urls': [], 'user_mentions': [], 'symbols': []}"
308,2021-05-10 15:58:45,@van3ssinho @nubank NÃ£o to conseguindo tambÃ©m aaaaaa,['Nubank'],"Ananindeua, Brasil","{'hashtags': [], 'urls': [], 'user_mentions': [{'screen_name': 'van3ssinho', 'name': 'pingu quase inglÃªs', 'id': 55378838, 'id_str': '55378838', 'indices': [0, 11]}, {'screen_name': 'nubank', 'name': 'Nubank', 'id': 2319390320, 'id_str': '2319390320', 'indices': [12, 19]}], 'symbols': []}"
309,2021-05-10 15:59:00,@RodrigoBuenoTV Nike ta saindo do futebol aos poucos ..,['Nike'],"TeresÃ³polis, Brasil","{'hashtags': [], 'urls': [], 'user_mentions': [{'screen_name': 'RodrigoBuenoTV', 'name': 'Rodrigo Bueno', 'id': 45385616, 'id_str': '45385616', 'indices': [0, 15]}], 'symbols': []}"
310,2021-05-10 15:59:04,tristeza de chegar roupa da SHEIN e nÃ£o ficar bom,['SHEIN'],"Rio de Janeiro, Brasil","{'hashtags': [], 'urls': [], 'user_mentions': [], 'symbols': []}"
311,2021-05-10 15:59:11,@Guizinxl_038 trabalhar pra encher meu guarda roupa de nike e lala ğŸ˜”,['Nike'],None,"{'hashtags': [], 'urls': [], 'user_mentions': [{'screen_name': 'Guizinxl_038', 'name': 'famoso capa da gaita$2', 'id': 1243948719579508736, 'id_str': '1243948719579508736', 'indices': [0, 13]}], 'symbols': []}"
313,2021-05-10 15:59:14,@futebol_info @AtaqueMarketing Nike sÃ³ tem o atlÃ©tico nacional q isso,['Nike'],027,"{'hashtags': [], 'urls': [], 'user_mentions': [{'screen_name': 'futebol_info', 'name': 'Planeta do Futebol ğŸŒ', 'id': 193500696, 'id_str': '193500696', 'indices': [0, 13]}, {'screen_name': 'AtaqueMarketing', 'name': 'Ataque Marketing Esportivo', 'id': 121522082, 'id_str': '121522082', 'indices': [14, 30]}], 'symbols': []}"
314,2021-05-10 15:59:17,"""teste de carÃ¡ter 

nike ou adidas?""

Kappa",['Nike'],"Ouro Branco, RN","{'hashtags': [], 'urls': [], 'user_mentions': [], 'symbols': []}"
315,2021-05-10 15:59:20,"@JoJoneS61 Uma cobra te morde se tu bota bermuda da Nike? NÃ£o entendi, me explica pfv",['Nike'],Perguntei?,"{'hashtags': [], 'urls': [], 'user_mentions': [{'screen_name': 'JoJoneS61', 'name': 'Acervo Vivizinha Br (JoJoneS ğŸŒ)', 'id': 859195792338374656, 'id_str': '859195792338374656', 'indices': [0, 10]}], 'symbols': []}"
316,2021-05-10 15:59:22,"NÃ£o coloquei que ele usa relÃ³gio CÃ¡ssio hÃ¡ anos.

ESQUECI de dizer que ele ANDA A CAVALO, come pÃ£o com Leite MoÃ§a, toma cafÃ© na casa dos eleitores dele e vai na comunidade OUVIR O POVO.

Sem contar que ele foi eleito fazendo vÃ­deos caseiro em uma mesa com toalha de pimentinha...",[],"Blumenau, Brasil","{'hashtags': [], 'urls': [], 'user_mentions': [], 'symbols': []}"
317,2021-05-10 15:59:28,Meu Nubank saiu sozinho da minha conta e agr eu nÃ£o consigo mais entrar e nÃ£o me enviaram o e-mail da senha,['Nubank'],None,"{'hashtags': [], 'urls': [], 'user_mentions': [], 'symbols': []}"
318,2021-05-10 15:59:45,"Eu tenho tanta roupa favoritada na shein, sÃ³ queria ter dinheiro pra comprar tudo",['SHEIN'],None,"{'hashtags': [], 'urls': [], 'user_mentions': [], 'symbols': []}"
320,2021-05-10 15:59:59,"nÃ£o consigo entrar na minha conta do nubank, fui com deus ?",['Nubank'],None,"{'hashtags': [], 'urls': [], 'user_mentions': [], 'symbols': []}"
321,2021-05-10 16:00:01,NÃ£o tÃ´ conseguindo redefinir minha senha do @nubank ğŸ˜¢,['Nubank'],"Fortaleza, Brasil","{'hashtags': [], 'urls': [], 'user_mentions': [{'screen_name': 'nubank', 'name': 'Nubank', 'id': 2319390320, 'id_str': '2319390320', 'indices': [44, 51]}], 'symbols': []}"
322,2021-05-10 16:00:09,"Xiaomi vai preparar atualizaÃ§Ã£o pra oferecer memÃ³ria ram virtual 

E me chamavam de louco quando eu queria usar placa de vÃ­deo online",['Xiaomi'],None,"{'hashtags': [], 'urls': [], 'user_mentions': [], 'symbols': []}"
323,2021-05-10 16:00:13,q dinheiro nubank plmdds eu n tenho nem 2 reais,['Nubank'],"... ! ginny & luna ? oh right they're my daily dose of serotonin, i LOVE them Â¡!","{'hashtags': [], 'urls': [], 'user_mentions': [], 'symbols': []}"
324,2021-05-10 16:00:48,Gente comprei um brinco de cereja muito lindo da shein! Vou ter que passar base na haste pq Ã© biju e vou ficar verde mas ele Ã© lindo ğŸ¤©,['SHEIN'],None,"{'hashtags': [], 'urls': [], 'user_mentions': [], 'symbols': []}"
325,2021-05-10 16:00:59,"Xiaomi vai preparar atualizaÃ§Ã£o pra oferecer memÃ³ria ram virtual 

E me chamavam de louco quando eu queria usar placa de vÃ­deo virtual",['Xiaomi'],None,"{'hashtags': [], 'urls': [], 'user_mentions': [], 'symbols': []}"
326,2021-05-10 16:01:01,doido pra nike patrocinar o flamengo dnv ğŸ¥º,['Nike'],"Penha, Rio de Janeiro","{'hashtags': [], 'urls': [], 'user_mentions': [], 'symbols': []}"
327,2021-05-10 16:01:03,TÃ´ qrendo comprar umas paradinhas na shein,['SHEIN'],ERREJOTA,"{'hashtags': [], 'urls': [], 'user_mentions': [], 'symbols': []}"
328,2021-05-10 16:01:03,"@clubedopairico AÃ­ jÃ¡ deu condiÃ§Ãµes para que abandone minha conta salÃ¡rio do bancÃ£o, para um Nubank @BRB_oficial por exemplo.",['Nubank'],Estados Unidos,"{'hashtags': [], 'urls': [], 'user_mentions': [{'screen_name': 'clubedopairico', 'name': 'o ZÃ©, do Clube do Pai Rico', 'id': 28547040, 'id_str': '28547040', 'indices': [0, 15]}, {'screen_name': 'BRB_oficial', 'name': 'Banco de BrasÃ­lia', 'id': 293641106, 'id_str': '293641106', 'indices': [100, 112]}], 'symbols': []}"
330,2021-05-10 16:01:21,Vou me arrumar por que a noite promete ta ligado ? Tipo como ? Ed.Hardy . Nike Air Max . Um cordÃ£o 23k . Kit Ferrari.,['Nike'],ë¸”ë™í•‘í¬,"{'hashtags': [], 'urls': [], 'user_mentions': [], 'symbols': []}"
331,2021-05-10 16:01:27,e o nubank q simplesmente nÃ£o me deixa pagar o meu pedido ğŸ¤¡ğŸ¤¡ğŸ¤¡ğŸ¤¡,['Nubank'],Looking at the same moon as we speak I always hope youâ€™re happy I say to the night sky till it wears away just listen to me for one more day,"{'hashtags': [], 'urls': [], 'user_mentions': [], 'symbols': []}"
332,2021-05-10 16:01:27,Pq eu baixei shein pqqqqqq alguÃ©m tira isso de mim,['SHEIN'],"SÃ£o Paulo, Brasil","{'hashtags': [], 'urls': [], 'user_mentions': [], 'symbols': []}"
333,2021-05-10 16:01:28,a coca cola de vcs continua com um gosto estranho? pq tomei agr senti demais,['Coca cola'],"SÃ£o LuÃ­s, Brasil","{'hashtags': [], 'urls': [], 'user_mentions': [], 'symbols': []}"
334,2021-05-10 16:01:30,Queria tanto um agasalho da Nike,['Nike'],"SumarÃ©, Brasil","{'hashtags': [], 'urls': [], 'user_mentions': [], 'symbols': []}"
335,2021-05-10 16:01:38,"Queria me ver de Henna, mas morro de medo de ficar com dois sÃ­mbolos da Nike na cara",['Nike'],ItaiÃ³polis,"{'hashtags': [], 'urls': [], 'user_mentions': [], 'symbols': []}"
336,2021-05-10 16:01:44,Precisando de alguÃ©m disposto a financiar meus pijaminhas na shein,['SHEIN'],ipanema / fabriciano mg,"{'hashtags': [], 'urls': [], 'user_mentions': [], 'symbols': []}"
337,2021-05-10 16:01:54,nao tÃ´ conseguindo pagar o boleto da shein acho q isso eh um sinal pra eu n gastar dinheiro,['SHEIN'],None,"{'hashtags': [], 'urls': [], 'user_mentions': [], 'symbols': []}"
338,2021-05-10 16:01:58,@jjkpjmluvx isso Ã© na shein?,['SHEIN'],None,"{'hashtags': [], 'urls': [], 'user_mentions': [{'screen_name': 'jjkpjmluvx', 'name': 'raissa BY JIMIN ğŸ§ˆ', 'id': 819987668666908674, 'id_str': '819987668666908674', 'indices': [0, 11]}], 'symbols': []}"
339,2021-05-10 16:02:21,@renjunglittr e o nubank q nÃ£o me deixa ter um cartÃ£o ğŸ¤¡,['Nubank'],ä»ä¿Š â™¥ï¸ é”Ÿ â™¥ï¸ æ‰¬æ‰¬,"{'hashtags': [], 'urls': [], 'user_mentions': [{'screen_name': 'renjunglittr', 'name': 'Ê€ Êœ á´€ Ê â˜€ï¸ THE MOON', 'id': 942929914843549696, 'id_str': '942929914843549696', 'indices': [0, 13]}], 'symbols': []}"
340,2021-05-10 16:02:26,"@StarlyChili confesso que ja esperava
nike ta perdendo muito espaÃ§o de lÃ¡ e sÃ³ ta focando nos clubes do topo",['Nike'],longe ,"{'hashtags': [], 'urls': [], 'user_mentions': [{'screen_name': 'StarlyChili', 'name': 'â€¢Sulenha Finalistaâ€¢ğŸ‡¨ğŸ‡´|ğŸ‡¦ğŸ‡¶ğŸ‡µğŸ‡ªğŸ‡³ğŸ‡ªğŸ‡ªğŸ‡ªğŸ‡µğŸ‡¹|â€¢', 'id': 1143852006613880833, 'id_str': '1143852006613880833', 'indices': [0, 12]}], 'symbols': []}"
341,2021-05-10 16:02:36,@diegosudariop Os nike shox que eu tive todos 4 mola.,['Nike'],"ParobÃ©, Brasil","{'hashtags': [], 'urls': [], 'user_mentions': [{'screen_name': 'diegosudariop', 'name': 'ğŸ‡²ğŸ‡¨ğŸ‡ªğŸ‡¦ParÃ§a do NeymarğŸ‡ªğŸ‡¦ ğŸ‡²ğŸ‡¨', 'id': 3070642708, 'id_str': '3070642708', 'indices': [0, 14]}], 'symbols': []}"
342,2021-05-10 16:02:38,shein obg por tudo,['SHEIN'],maclaren's pub,"{'hashtags': [], 'urls': [], 'user_mentions': [], 'symbols': []}"
344,2021-05-10 16:02:48,infelizmente nÃ£o Ã© o flamengo,[],"Rio de Janeiro, Brasil","{'hashtags': [], 'urls': [], 'user_mentions': [{'screen_name': 'xyurix25', 'name': 'y u r i', 'id': 1287191655322464257, 'id_str': '1287191655322464257', 'indices': [3, 12]}], 'symbols': []}"
345,2021-05-10 16:02:56,@arohadorameira @arohamaknae Eu comprei os meus na shein amg,['SHEIN'],"Salvador, Brasil","{'hashtags': [], 'urls': [], 'user_mentions': [{'screen_name': 'arohadorameira', 'name': 'ğ“›ğ“ªğ“»ğ“²ğŸŒ»|ğ– ğ–½ğ—ğ—ˆğ—€ğ–ºğ–½ğ–º ğ–½ğ—ˆ ğ–¤ğ—ğ—‡ğ—ğ—ˆğ—ˆ|ğŸ°', 'id': 1258901868442419203, 'id_str': '1258901868442419203', 'indices': [0, 15]}, {'screen_name': 'arohamaknae', 'name': 'ially is a proud roha ğŸ…', 'id': 1360716448923062275, 'id_str': '1360716448923062275', 'indices': [16, 28]}], 'symbols': []}"
347,2021-05-10 16:03:00,Meu vÃ´ tentando treme minhas meia nova da Nike ğŸ¤£,['Nike'],"Porto Alegre, Restinga","{'hashtags': [], 'urls': [], 'user_mentions': [], 'symbols': []}"
348,2021-05-10 16:03:22,Comprei uma coca cola pra ver se passa essa ressaca,['Coca cola'],Velho eu teamo muito ,"{'hashtags': [], 'urls': [], 'user_mentions': [], 'symbols': []}"
349,2021-05-10 16:03:37,preciso tomar uma coca cola ğŸ¥´,['Coca cola'],ğŸŒˆ,"{'hashtags': [], 'urls': [], 'user_mentions': [], 'symbols': []}"
350,2021-05-10 16:03:39,"cancelei o iphone e vou comprar um xiaomi memo, fds",['Xiaomi'],None,"{'hashtags': [], 'urls': [], 'user_mentions': [], 'symbols': []}"
351,2021-05-10 16:03:42,"gastei atÃ© o que eu nÃ£o tinha na Shein, e agora tÃ´ com medo de ser taxada, old ğŸ˜ğŸ˜­ğŸ˜­ğŸ˜­ğŸ˜”",['SHEIN'],"Bahia, Brasil","{'hashtags': [], 'urls': [], 'user_mentions': [], 'symbols': []}"
352,2021-05-10 16:03:45,roupas da shein cheguem logo ei quero tirar fotinhas,['SHEIN'],raven | chalÃ© 6 | intj,"{'hashtags': [], 'urls': [], 'user_mentions': [], 'symbols': []}"
353,2021-05-10 16:03:51,"na minha opiniÃ£o as faturas do nubank sÃ£o muito confusas

se vocÃª paga uma fatura anterior, o pagamento dela aparece na prÃ³xima fatura",['Nubank'],013,"{'hashtags': [], 'urls': [], 'user_mentions': [], 'symbols': []}"
354,2021-05-10 16:03:54,45 min que tÃ´ no telefone com o Nubank e resolvi um total de 0 coisas ğŸ¤¡ğŸ˜¡ğŸ¤¯,['Nubank'],"BrasÃ­lia, Brasil","{'hashtags': [], 'urls': [], 'user_mentions': [], 'symbols': []}"
355,2021-05-10 16:04:02,nunca mais tomo coca cola na minha vida eu tÃ´ passando muito mal com dor no estÃ´mago,['Coca cola'],eve,"{'hashtags': [], 'urls': [], 'user_mentions': [], 'symbols': []}"
356,2021-05-10 16:04:10,Hoje Ã© sÃ³ miojo e coca cola ğŸ¤¢ğŸ¤®,['Coca cola'],021,"{'hashtags': [], 'urls': [], 'user_mentions': [], 'symbols': []}"
357,2021-05-10 16:04:22,Nike e do nada adidas fds ahah,['Nike'],"Aveiro, Portugal","{'hashtags': [], 'urls': [], 'user_mentions': [], 'symbols': []}"
358,2021-05-10 16:04:31,imagina realmente ficar puto com quem usa nike e adidas junto,['Nike'],sp,"{'hashtags': [], 'urls': [], 'user_mentions': [], 'symbols': []}"
359,2021-05-10 16:04:34,eu uso tÃªnis da nike e calÃ§a da adidas quero que se foda,['Nike'],sp,"{'hashtags': [], 'urls': [], 'user_mentions': [], 'symbols': []}"
361,2021-05-10 16:04:44,ei seria massa se o Flamengo voltasse com a Nike nÃ©,['Nike'],"Delmiro Gouveia, Brasil","{'hashtags': [], 'urls': [], 'user_mentions': [], 'symbols': []}"
362,2021-05-10 16:04:56,"Eu tÃ´ fodido com a shein ğŸ¤¦
Agora meu status Ã©
SalÃ¡rio em 
50% no meu ap
50% em compras na shein",['SHEIN'],Brasil,"{'hashtags': [], 'urls': [], 'user_mentions': [], 'symbols': []}"
363,2021-05-10 16:05:03,@futebol_info @mvicca @AtaqueMarketing Como a nike caiu hein? Q coisa boa,['Nike'],Allianz Parque,"{'hashtags': [], 'urls': [], 'user_mentions': [{'screen_name': 'futebol_info', 'name': 'Planeta do Futebol ğŸŒ', 'id': 193500696, 'id_str': '193500696', 'indices': [0, 13]}, {'screen_name': 'mvicca', 'name': 'Marcelo Santa Vicca', 'id': 419582551, 'id_str': '419582551', 'indices': [14, 21]}, {'screen_name': 'AtaqueMarketing', 'name': 'Ataque Marketing Esportivo', 'id': 121522082, 'id_str': '121522082', 'indices': [22, 38]}], 'symbols': []}"
364,2021-05-10 16:05:05,"@vedovelli74 Nubank com certeza. FÃ¡cil, rÃ¡pido e nunca me deu problema.",['Nubank'],"SÃ£o Paulo, Brasil","{'hashtags': [], 'urls': [], 'user_mentions': [{'screen_name': 'vedovelli74', 'name': 'Fabio Vedovelli', 'id': 1214613045986680839, 'id_str': '1214613045986680839', 'indices': [0, 12]}], 'symbols': []}"
365,2021-05-10 16:05:05,"sÃ³ me aparece calÃ§a jogger na shein, puta que pariu, que coisa feia",['SHEIN'],Manaus,"{'hashtags': [], 'urls': [], 'user_mentions': [], 'symbols': []}"
366,2021-05-10 16:05:20,"@patrickallan @TiroDiCanto Ou melhor, o grupo Nike com 7 clubes e adidas com 6",['Nike'],None,"{'hashtags': [], 'urls': [], 'user_mentions': [{'screen_name': 'patrickallan', 'name': 'Patrick Menin', 'id': 133537628, 'id_str': '133537628', 'indices': [0, 13]}, {'screen_name': 'TiroDiCanto', 'name': 'Tiro de Canto', 'id': 820686384302268416, 'id_str': '820686384302268416', 'indices': [14, 26]}], 'symbols': []}"
367,2021-05-10 16:05:25,"@aoi_kawai_ nÃ£o mas ja tive o menino perfeito, q usa roupa de time tÃªnis da nike, agr sou eboy",['Nike'],No seu armÃ¡rio,"{'hashtags': [], 'urls': [], 'user_mentions': [{'screen_name': 'aoi_kawai_', 'name': 'á¨³ğšŠğš˜ğš’ ğš”ğšŠğš ğšŠğš’ || ğ‘ªğ’†ğ’ ğ’ğ’‡ ğ‘ºğ’‰ğ’ğ’•ğ’', 'id': 1267612918696329218, 'id_str': '1267612918696329218', 'indices': [0, 11]}], 'symbols': []}"
368,2021-05-10 16:05:30,"@oskyure Nubank tÃ¡ chato com algumas chaves, eu sÃ³ consigo com telefone e CPF",['Nubank'],"Imperatriz, Brasil","{'hashtags': [], 'urls': [], 'user_mentions': [{'screen_name': 'oskyure', 'name': 'keerollen!!', 'id': 1298038495592628224, 'id_str': '1298038495592628224', 'indices': [0, 8]}], 'symbols': []}"
369,2021-05-10 16:05:35,"df vai receber mais 3 doses da vacina da nike, 5 da xiaomi e 18 da positivo","['Nike', 'Xiaomi']",None,"{'hashtags': [], 'urls': [], 'user_mentions': [], 'symbols': []}"
370,2021-05-10 16:05:37,"to saudÃ¡vel sim porra 
sÃ³ tomei um copo de coca cola hoje mas tÃ´ saudÃ¡vel",['Coca cola'],None,"{'hashtags': [], 'urls': [], 'user_mentions': [], 'symbols': []}"
371,2021-05-10 16:05:37,@reporterlacerda Estranho Ã© a nike com tÃ£o poucos clubes. Comodismo ou propostas ruins que ninguÃ©m quer!?,['Nike'],None,"{'hashtags': [], 'urls': [], 'user_mentions': [{'screen_name': 'reporterlacerda', 'name': 'Carlos Lacerda', 'id': 152462302, 'id_str': '152462302', 'indices': [0, 16]}], 'symbols': []}"
